hotel_name,score,top_restaurants,borough,neighborhood,brand,city,address,lat,lon
Fairfield Inn & Suites New York Manhattan/Times Square South,0.903228,"[{""name"": ""Vito's Slices and Ices"", ""score"": 0.938, ""rating"": 4.6, ""price"": ""$"", ""distance_m"": 119.3, ""cuisines"": [""pizza"", ""shavedice"", ""italian""], ""lat"": 40.7545, ""lon"": -73.99528, ""url"": ""https://www.yelp.com/biz/vitos-slices-and-ices-new-york-2?adjust_creative=7L58B9086saOW4zCCye5mg&utm_campaign=yelp_api_v3&utm_medium=api_v3_business_search&utm_source=7L58B9086saOW4zCCye5mg""}, {""name"": ""Sergimmo Salumeria"", ""score"": 0.906, ""rating"": 4.2, ""price"": ""$$"", ""distance_m"": 132.4, ""cuisines"": [""italian"", ""sandwiches""], ""lat"": 40.754296, ""lon"": -73.995498, ""url"": ""https://www.yelp.com/biz/sergimmo-salumeria-new-york?adjust_creative=7L58B9086saOW4zCCye5mg&utm_campaign=yelp_api_v3&utm_medium=api_v3_business_search&utm_source=7L58B9086saOW4zCCye5mg""}, {""name"": ""Longo Bros"", ""score"": 0.896, ""rating"": 4.0, ""price"": ""$$$"", ""distance_m"": 116.7, ""cuisines"": [""pizza"", ""cocktailbars"", ""italian""], ""lat"": 40.754825, ""lon"": -73.994862, ""url"": ""https://www.yelp.com/biz/longo-bros-new-york?adjust_creative=7L58B9086saOW4zCCye5mg&utm_campaign=yelp_api_v3&utm_medium=api_v3_business_search&utm_source=7L58B9086saOW4zCCye5mg""}, {""name"": ""Zoob Zib Thai Authentic Noodle Bar"", ""score"": 0.896, ""rating"": 4.0, ""price"": ""$$"", ""distance_m"": 118.2, ""cuisines"": [""thai"", ""noodles""], ""lat"": 40.75438, ""lon"": -73.99536, ""url"": ""https://www.yelp.com/biz/zoob-zib-thai-authentic-noodle-bar-new-york-2?adjust_creative=7L58B9086saOW4zCCye5mg&utm_campaign=yelp_api_v3&utm_medium=api_v3_business_search&utm_source=7L58B9086saOW4zCCye5mg""}, {""name"": ""Sushi Star"", ""score"": 0.88, ""rating"": 3.8, ""price"": ""$$"", ""distance_m"": 124.7, ""cuisines"": [""sushi"", ""japanese""], ""lat"": 40.75444, ""lon"": -73.99532, ""url"": ""https://www.yelp.com/biz/sushi-star-new-york?adjust_creative=7L58B9086saOW4zCCye5mg&utm_campaign=yelp_api_v3&utm_medium=api_v3_business_search&utm_source=7L58B9086saOW4zCCye5mg""}]",Manhattan,Times Square South,Fairfield Inn & Suites by Marriott,New York,"338 W 36th St, New York, NY 10018",40.754011,-73.993972
Residence Inn New York Manhattan/Central Park,0.8997,"[{""name"": ""SUGARFISH | Midtown West"", ""score"": 0.919, ""rating"": 4.3, ""price"": ""$$$"", ""distance_m"": 111.4, ""cuisines"": [""japanese"", ""sushi""], ""lat"": 40.764961, ""lon"": -73.981612, ""url"": ""https://www.yelp.com/biz/sugarfish-midtown-west-new-york?adjust_creative=7L58B9086saOW4zCCye5mg&utm_campaign=yelp_api_v3&utm_medium=api_v3_business_search&utm_source=7L58B9086saOW4zCCye5mg""}, {""name"": ""Yakitori Totto"", ""score"": 0.898, ""rating"": 4.0, ""price"": ""$$"", ""distance_m"": 110.5, ""cuisines"": [""japanese""], ""lat"": 40.765375, ""lon"": -73.983114, ""url"": ""https://www.yelp.com/biz/yakitori-totto-new-york?adjust_creative=7L58B9086saOW4zCCye5mg&utm_campaign=yelp_api_v3&utm_medium=api_v3_business_search&utm_source=7L58B9086saOW4zCCye5mg""}, {""name"": ""Nocello"", ""score"": 0.896, ""rating"": 4.0, ""price"": ""$$$"", ""distance_m"": 117.3, ""cuisines"": [""italian"", ""venues"", ""wine_bars""], ""lat"": 40.76535857831784, ""lon"": -73.98338622822433, ""url"": ""https://www.yelp.com/biz/nocello-new-york?adjust_creative=7L58B9086saOW4zCCye5mg&utm_campaign=yelp_api_v3&utm_medium=api_v3_business_search&utm_source=7L58B9086saOW4zCCye5mg""}, {""name"": ""Patsy's Italian Restaurant"", ""score"": 0.894, ""rating"": 4.0, ""price"": ""$$$"", ""distance_m"": 125.4, ""cuisines"": [""italian"", ""southern"", ""wine_bars""], ""lat"": 40.76553, ""lon"": -73.98274, ""url"": ""https://www.yelp.com/biz/patsys-italian-restaurant-new-york?adjust_creative=7L58B9086saOW4zCCye5mg&utm_campaign=yelp_api_v3&utm_medium=api_v3_business_search&utm_source=7L58B9086saOW4zCCye5mg""}, {""name"": ""Donburiya"", ""score"": 0.892, ""rating"": 3.9, ""price"": ""$$"", ""distance_m"": 108.8, ""cuisines"": [""japanese"", ""seafood"", ""desserts""], ""lat"": 40.76528, ""lon"": -73.98326, ""url"": ""https://www.yelp.com/biz/donburiya-new-york-2?adjust_creative=7L58B9086saOW4zCCye5mg&utm_campaign=yelp_api_v3&utm_medium=api_v3_business_search&utm_source=7L58B9086saOW4zCCye5mg""}]",Manhattan,Central Park South,Residence Inn by Marriott,New York,"1717 Broadway, New York, NY 10019",40.76442,-73.98275
"The Ritz-Carlton New York, NoMad",0.89173,"[{""name"": ""KazuNori | NoMad"", ""score"": 0.941, ""rating"": 4.5, ""price"": ""$$"", ""distance_m"": 81.2, ""cuisines"": [""sushi"", ""japanese""], ""lat"": 40.74519, ""lon"": -73.98824, ""url"": ""https://www.yelp.com/biz/kazunori-nomad-new-york?adjust_creative=7L58B9086saOW4zCCye5mg&utm_campaign=yelp_api_v3&utm_medium=api_v3_business_search&utm_source=7L58B9086saOW4zCCye5mg""}, {""name"": ""Andiamo Pizza"", ""score"": 0.939, ""rating"": 4.6, ""price"": ""$"", ""distance_m"": 114.6, ""cuisines"": [""pizza"", ""italian"", ""catering""], ""lat"": 40.746144, ""lon"": -73.990189, ""url"": ""https://www.yelp.com/biz/andiamo-pizza-new-york-2?adjust_creative=7L58B9086saOW4zCCye5mg&utm_campaign=yelp_api_v3&utm_medium=api_v3_business_search&utm_source=7L58B9086saOW4zCCye5mg""}, {""name"": ""Ulivo"", ""score"": 0.892, ""rating"": 4.0, ""price"": ""$$"", ""distance_m"": 131.4, ""cuisines"": [""italian"", ""cocktailbars""], ""lat"": 40.7447371960713, ""lon"": -73.9880339428782, ""url"": ""https://www.yelp.com/biz/ulivo-new-york-2?adjust_creative=7L58B9086saOW4zCCye5mg&utm_campaign=yelp_api_v3&utm_medium=api_v3_business_search&utm_source=7L58B9086saOW4zCCye5mg""}, {""name"": ""Cecconi’s"", ""score"": 0.864, ""rating"": 3.4, ""price"": ""$$$"", ""distance_m"": 81.1, ""cuisines"": [""italian"", ""breakfast_brunch"", ""wine_bars""], ""lat"": 40.74501246219244, ""lon"": -73.98859646727088, ""url"": ""https://www.yelp.com/biz/cecconi-s-new-york-3?adjust_creative=7L58B9086saOW4zCCye5mg&utm_campaign=yelp_api_v3&utm_medium=api_v3_business_search&utm_source=7L58B9086saOW4zCCye5mg""}, {""name"": ""Eat Real Halal"", ""score"": 0.822, ""rating"": 4.8, ""price"": ""$"", ""distance_m"": 47.3, ""cuisines"": [""streetvendors"", ""halal"", ""foodstands""], ""lat"": 40.7452961, ""lon"": -73.9887403, ""url"": ""https://www.yelp.com/biz/eat-real-halal-new-york?adjust_creative=7L58B9086saOW4zCCye5mg&utm_campaign=yelp_api_v3&utm_medium=api_v3_business_search&utm_source=7L58B9086saOW4zCCye5mg""}]",Manhattan,Chelsea/NoMad,Ritz-Carlton,New York,"25 W 28th St, New York, NY 10001",40.7456871,-73.9889627
New York Marriott Marquis,0.880252,"[{""name"": ""Patzeria Perfect Pizza"", ""score"": 0.899, ""rating"": 4.0, ""price"": ""$"", ""distance_m"": 106.7, ""cuisines"": [""pizza"", ""italian"", ""pastashops""], ""lat"": 40.75949451155184, ""lon"": -73.98673451962638, ""url"": ""https://www.yelp.com/biz/patzeria-perfect-pizza-new-york?adjust_creative=7L58B9086saOW4zCCye5mg&utm_campaign=yelp_api_v3&utm_medium=api_v3_business_search&utm_source=7L58B9086saOW4zCCye5mg""}, {""name"": ""Carmine's - Time Square"", ""score"": 0.892, ""rating"": 4.0, ""price"": ""$$$"", ""distance_m"": 131.5, ""cuisines"": [""italian"", ""venues"", ""seafood""], ""lat"": 40.75747, ""lon"": -73.9866, ""url"": ""https://www.yelp.com/biz/carmines-time-square-new-york-2?adjust_creative=7L58B9086saOW4zCCye5mg&utm_campaign=yelp_api_v3&utm_medium=api_v3_business_search&utm_source=7L58B9086saOW4zCCye5mg""}, {""name"": ""Bond 45"", ""score"": 0.89, ""rating"": 3.7, ""price"": ""$$$"", ""distance_m"": 64.1, ""cuisines"": [""italian"", ""pizza"", ""newamerican""], ""lat"": 40.7591637016814, ""lon"": -73.9859788257256, ""url"": ""https://www.yelp.com/biz/bond-45-new-york-2?adjust_creative=7L58B9086saOW4zCCye5mg&utm_campaign=yelp_api_v3&utm_medium=api_v3_business_search&utm_source=7L58B9086saOW4zCCye5mg""}, {""name"": ""RA Sushi"", ""score"": 0.867, ""rating"": 3.7, ""price"": ""$$"", ""distance_m"": 147.4, ""cuisines"": [""japanese"", ""sushi""], ""lat"": 40.757596, ""lon"": -73.987384, ""url"": ""https://www.yelp.com/biz/ra-sushi-new-york?adjust_creative=7L58B9086saOW4zCCye5mg&utm_campaign=yelp_api_v3&utm_medium=api_v3_business_search&utm_source=7L58B9086saOW4zCCye5mg""}, {""name"": ""Sardi's"", ""score"": 0.853, ""rating"": 3.5, ""price"": ""$$$"", ""distance_m"": 148.5, ""cuisines"": [""tradamerican"", ""italian"", ""steak""], ""lat"": 40.75789, ""lon"": -73.98755, ""url"": ""https://www.yelp.com/biz/sardis-new-york?adjust_creative=7L58B9086saOW4zCCye5mg&utm_campaign=yelp_api_v3&utm_medium=api_v3_business_search&utm_source=7L58B9086saOW4zCCye5mg""}]",Manhattan,Times Square,Marriott Hotels & Resorts,New York,"1535 Broadway, New York, NY 10036",40.758617,-73.986221
Aloft Manhattan Downtown - Financial District,0.874194,"[{""name"": ""Lil Chef Mama"", ""score"": 0.932, ""rating"": 4.5, ""price"": ""$$"", ""distance_m"": 115.3, ""cuisines"": [""thai""], ""lat"": 40.7086823, ""lon"": -74.0051718664848, ""url"": ""https://www.yelp.com/biz/lil-chef-mama-new-york?adjust_creative=7L58B9086saOW4zCCye5mg&utm_campaign=yelp_api_v3&utm_medium=api_v3_business_search&utm_source=7L58B9086saOW4zCCye5mg""}, {""name"": ""Kesté Pizza & Vino"", ""score"": 0.912, ""rating"": 4.2, ""price"": ""$$"", ""distance_m"": 111.4, ""cuisines"": [""pizza"", ""italian"", ""wine_bars""], ""lat"": 40.709135, ""lon"": -74.004645, ""url"": ""https://www.yelp.com/biz/kest%C3%A9-pizza-and-vino-new-york-5?adjust_creative=7L58B9086saOW4zCCye5mg&utm_campaign=yelp_api_v3&utm_medium=api_v3_business_search&utm_source=7L58B9086saOW4zCCye5mg""}, {""name"": ""Rosella's Pizzeria"", ""score"": 0.873, ""rating"": 3.4, ""price"": ""$"", ""distance_m"": 50.2, ""cuisines"": [""pizza"", ""italian""], ""lat"": 40.710117, ""lon"": -74.005661, ""url"": ""https://www.yelp.com/biz/rosellas-pizzeria-new-york?adjust_creative=7L58B9086saOW4zCCye5mg&utm_campaign=yelp_api_v3&utm_medium=api_v3_business_search&utm_source=7L58B9086saOW4zCCye5mg""}, {""name"": ""Solace"", ""score"": 0.828, ""rating"": 5.0, ""price"": NaN, ""distance_m"": 73.7, ""cuisines"": [""italian"", ""pizza""], ""lat"": 40.7105, ""lon"": -74.00809, ""url"": ""https://www.yelp.com/biz/solace-new-york?adjust_creative=7L58B9086saOW4zCCye5mg&utm_campaign=yelp_api_v3&utm_medium=api_v3_business_search&utm_source=7L58B9086saOW4zCCye5mg""}, {""name"": ""Teriyaki on Wheels"", ""score"": 0.826, ""rating"": 5.0, ""price"": NaN, ""distance_m"": 82.0, ""cuisines"": [""japanese"", ""foodtrucks""], ""lat"": 40.709001391467964, ""lon"": -74.00518342758907, ""url"": ""https://www.yelp.com/biz/teriyaki-on-wheels-new-york?adjust_creative=7L58B9086saOW4zCCye5mg&utm_campaign=yelp_api_v3&utm_medium=api_v3_business_search&utm_source=7L58B9086saOW4zCCye5mg""}]",Manhattan,Financial District,Aloft (Marriott),New York,"49-53 Ann St, New York, NY 10038",40.7096658,-74.0056051
Courtyard New York Manhattan/Midtown East,0.872024,"[{""name"": ""Gu Japanese Fusion Sushi & Bar"", ""score"": 0.912, ""rating"": 3.9, ""price"": ""$$"", ""distance_m"": 38.2, ""cuisines"": [""japanese"", ""sushi"", ""bars""], ""lat"": 40.75743, ""lon"": -73.97042, ""url"": ""https://www.yelp.com/biz/gu-japanese-fusion-sushi-and-bar-new-york?adjust_creative=7L58B9086saOW4zCCye5mg&utm_campaign=yelp_api_v3&utm_medium=api_v3_business_search&utm_source=7L58B9086saOW4zCCye5mg""}, {""name"": ""Nippon"", ""score"": 0.905, ""rating"": 3.8, ""price"": ""$$$"", ""distance_m"": 38.2, ""cuisines"": [""sushi"", ""japanese"", ""desserts""], ""lat"": 40.75743, ""lon"": -73.97042, ""url"": ""https://www.yelp.com/biz/nippon-new-york?adjust_creative=7L58B9086saOW4zCCye5mg&utm_campaign=yelp_api_v3&utm_medium=api_v3_business_search&utm_source=7L58B9086saOW4zCCye5mg""}, {""name"": ""Nare Sushi"", ""score"": 0.896, ""rating"": 3.8, ""price"": ""$$$"", ""distance_m"": 68.2, ""cuisines"": [""sushi"", ""japanese"", ""cocktailbars""], ""lat"": 40.75719922066617, ""lon"": -73.96918797126257, ""url"": ""https://www.yelp.com/biz/nare-sushi-new-york?adjust_creative=7L58B9086saOW4zCCye5mg&utm_campaign=yelp_api_v3&utm_medium=api_v3_business_search&utm_source=7L58B9086saOW4zCCye5mg""}, {""name"": ""Sushi Jun"", ""score"": 0.826, ""rating"": 2.8, ""price"": ""$"", ""distance_m"": 69.0, ""cuisines"": [""japanese"", ""korean""], ""lat"": 40.75722, ""lon"": -73.96919, ""url"": ""https://www.yelp.com/biz/sushi-jun-new-york-2?adjust_creative=7L58B9086saOW4zCCye5mg&utm_campaign=yelp_api_v3&utm_medium=api_v3_business_search&utm_source=7L58B9086saOW4zCCye5mg""}, {""name"": ""52nd and Lexington Breakfast Cart"", ""score"": 0.822, ""rating"": 5.0, ""price"": ""$"", ""distance_m"": 95.3, ""cuisines"": [""coffee"", ""breakfast_brunch""], ""lat"": 40.757865, ""lon"": -73.970748, ""url"": ""https://www.yelp.com/biz/52nd-and-lexington-breakfast-cart-new-york?adjust_creative=7L58B9086saOW4zCCye5mg&utm_campaign=yelp_api_v3&utm_medium=api_v3_business_search&utm_source=7L58B9086saOW4zCCye5mg""}]",Manhattan,Midtown East,Courtyard by Marriott,New York,"866 3rd Ave, New York, NY 10022",40.7574548,-73.9699241
Courtyard New York Manhattan/Upper East Side,0.869327,"[{""name"": ""Koo Thai"", ""score"": 0.951, ""rating"": 4.5, ""price"": ""$$"", ""distance_m"": 46.7, ""cuisines"": [""bubbletea"", ""thai"", ""vietnamese""], ""lat"": 40.78013496548437, ""lon"": -73.9466592, ""url"": ""https://www.yelp.com/biz/koo-thai-new-york-2?adjust_creative=7L58B9086saOW4zCCye5mg&utm_campaign=yelp_api_v3&utm_medium=api_v3_business_search&utm_source=7L58B9086saOW4zCCye5mg""}, {""name"": ""Yummy Japanese Grill & Sushi Bar"", ""score"": 0.867, ""rating"": 3.3, ""price"": ""$$"", ""distance_m"": 47.1, ""cuisines"": [""sushi"", ""japanese""], ""lat"": 40.780097, ""lon"": -73.946632, ""url"": ""https://www.yelp.com/biz/yummy-japanese-grill-and-sushi-bar-new-york?adjust_creative=7L58B9086saOW4zCCye5mg&utm_campaign=yelp_api_v3&utm_medium=api_v3_business_search&utm_source=7L58B9086saOW4zCCye5mg""}, {""name"": ""Akami"", ""score"": 0.845, ""rating"": 3.1, ""price"": ""$$"", ""distance_m"": 75.4, ""cuisines"": [""japanese"", ""sushi"", ""diners""], ""lat"": 40.78049561470769, ""lon"": -73.9469539, ""url"": ""https://www.yelp.com/biz/akami-new-york-2?adjust_creative=7L58B9086saOW4zCCye5mg&utm_campaign=yelp_api_v3&utm_medium=api_v3_business_search&utm_source=7L58B9086saOW4zCCye5mg""}, {""name"": ""Le Viet Cafe"", ""score"": 0.844, ""rating"": 3.8, ""price"": ""$$"", ""distance_m"": 266.9, ""cuisines"": [""vietnamese"", ""thai"", ""asianfusion""], ""lat"": 40.78111, ""lon"": -73.94902, ""url"": ""https://www.yelp.com/biz/le-viet-cafe-new-york?adjust_creative=7L58B9086saOW4zCCye5mg&utm_campaign=yelp_api_v3&utm_medium=api_v3_business_search&utm_source=7L58B9086saOW4zCCye5mg""}, {""name"": ""Delizia 92"", ""score"": 0.84, ""rating"": 3.7, ""price"": ""$"", ""distance_m"": 253.8, ""cuisines"": [""pizza"", ""italian"", ""catering""], ""lat"": 40.78152, ""lon"": -73.94886, ""url"": ""https://www.yelp.com/biz/delizia-92-new-york?adjust_creative=7L58B9086saOW4zCCye5mg&utm_campaign=yelp_api_v3&utm_medium=api_v3_business_search&utm_source=7L58B9086saOW4zCCye5mg""}]",Manhattan,Upper East Side,Courtyard by Marriott,New York,"410 E 92nd St, New York, NY 10128",40.7802422,-73.946123
JW Marriott Essex House New York,0.866954,"[{""name"": ""Tuscany Steakhouse"", ""score"": 0.929, ""rating"": 4.5, ""price"": ""$$$"", ""distance_m"": 126.3, ""cuisines"": [""steak"", ""italian"", ""seafood""], ""lat"": 40.76546, ""lon"": -73.97724, ""url"": ""https://www.yelp.com/biz/tuscany-steakhouse-new-york?adjust_creative=7L58B9086saOW4zCCye5mg&utm_campaign=yelp_api_v3&utm_medium=api_v3_business_search&utm_source=7L58B9086saOW4zCCye5mg""}, {""name"": ""Angelo's Coal Oven Pizzeria"", ""score"": 0.888, ""rating"": 4.0, ""price"": ""$$"", ""distance_m"": 146.4, ""cuisines"": [""pizza"", ""italian""], ""lat"": 40.76492, ""lon"": -73.97794, ""url"": ""https://www.yelp.com/biz/angelos-coal-oven-pizzeria-new-york?adjust_creative=7L58B9086saOW4zCCye5mg&utm_campaign=yelp_api_v3&utm_medium=api_v3_business_search&utm_source=7L58B9086saOW4zCCye5mg""}, {""name"": ""Trattoria Dell'Arte"", ""score"": 0.877, ""rating"": 4.0, ""price"": ""$$$"", ""distance_m"": 188.5, ""cuisines"": [""italian""], ""lat"": 40.76544599, ""lon"": -73.98053136970677, ""url"": ""https://www.yelp.com/biz/trattoria-dellarte-new-york?adjust_creative=7L58B9086saOW4zCCye5mg&utm_campaign=yelp_api_v3&utm_medium=api_v3_business_search&utm_source=7L58B9086saOW4zCCye5mg""}, {""name"": ""Topaz Thai Authentic"", ""score"": 0.84, ""rating"": 3.5, ""price"": ""$$"", ""distance_m"": 197.8, ""cuisines"": [""thai"", ""noodles"", ""soup""], ""lat"": 40.7644157409668, ""lon"": -73.9789047241211, ""url"": ""https://www.yelp.com/biz/topaz-thai-authentic-new-york?adjust_creative=7L58B9086saOW4zCCye5mg&utm_campaign=yelp_api_v3&utm_medium=api_v3_business_search&utm_source=7L58B9086saOW4zCCye5mg""}, {""name"": ""Loi Estiatorio"", ""score"": 0.801, ""rating"": 4.7, ""price"": ""$$$"", ""distance_m"": 97.6, ""cuisines"": [""greek"", ""mediterranean""], ""lat"": 40.765385, ""lon"": -73.978002, ""url"": ""https://www.yelp.com/biz/loi-estiatorio-new-york?adjust_creative=7L58B9086saOW4zCCye5mg&utm_campaign=yelp_api_v3&utm_medium=api_v3_business_search&utm_source=7L58B9086saOW4zCCye5mg""}]",Manhattan,Central Park South,JW Marriott,New York,"160 Central Park S, New York, NY 10019",40.7661739,-73.9785098
Four Points by Sheraton Midtown - Times Square,0.855691,"[{""name"": ""Aya Sushi"", ""score"": 0.896, ""rating"": 3.9, ""price"": ""$$"", ""distance_m"": 92.4, ""cuisines"": [""japanese""], ""lat"": 40.75561, ""lon"": -73.99207, ""url"": ""https://www.yelp.com/biz/aya-sushi-new-york?adjust_creative=7L58B9086saOW4zCCye5mg&utm_campaign=yelp_api_v3&utm_medium=api_v3_business_search&utm_source=7L58B9086saOW4zCCye5mg""}, {""name"": ""Casa Di Isacco"", ""score"": 0.894, ""rating"": 3.9, ""price"": ""$$"", ""distance_m"": 99.0, ""cuisines"": [""italian"", ""seafood"", ""wine_bars""], ""lat"": 40.7568, ""lon"": -73.99342, ""url"": ""https://www.yelp.com/biz/casa-di-isacco-new-york?adjust_creative=7L58B9086saOW4zCCye5mg&utm_campaign=yelp_api_v3&utm_medium=api_v3_business_search&utm_source=7L58B9086saOW4zCCye5mg""}, {""name"": ""Mercato"", ""score"": 0.884, ""rating"": 3.8, ""price"": ""$$$"", ""distance_m"": 112.3, ""cuisines"": [""italian"", ""cocktailbars"", ""desserts""], ""lat"": 40.75626, ""lon"": -73.99364, ""url"": ""https://www.yelp.com/biz/mercato-new-york?adjust_creative=7L58B9086saOW4zCCye5mg&utm_campaign=yelp_api_v3&utm_medium=api_v3_business_search&utm_source=7L58B9086saOW4zCCye5mg""}, {""name"": ""Catzuneko Shokudo"", ""score"": 0.811, ""rating"": 5.0, ""price"": NaN, ""distance_m"": 134.8, ""cuisines"": [""japanese"", ""sushi""], ""lat"": 40.75627375223928, ""lon"": -73.99394420000002, ""url"": ""https://www.yelp.com/biz/catzuneko-shokudo-new-york-3?adjust_creative=7L58B9086saOW4zCCye5mg&utm_campaign=yelp_api_v3&utm_medium=api_v3_business_search&utm_source=7L58B9086saOW4zCCye5mg""}, {""name"": ""Buena Vista Restaurant & Bar"", ""score"": 0.793, ""rating"": 4.6, ""price"": ""$$$"", ""distance_m"": 99.0, ""cuisines"": [""bars"", ""latin"", ""seafood""], ""lat"": 40.75686, ""lon"": -73.99356, ""url"": ""https://www.yelp.com/biz/buena-vista-restaurant-and-bar-new-york?adjust_creative=7L58B9086saOW4zCCye5mg&utm_campaign=yelp_api_v3&utm_medium=api_v3_business_search&utm_source=7L58B9086saOW4zCCye5mg""}]",Manhattan,Times Square,Four Points by Sheraton,New York,"326 W 40th St, New York, NY 10018",40.7564066,-73.9923532
Moxy Brooklyn Williamsburg,0.847869,"[{""name"": ""Motorino Pizza"", ""score"": 0.905, ""rating"": 3.8, ""price"": ""$$"", ""distance_m"": 35.6, ""cuisines"": [""pizza"", ""italian"", ""cocktailbars""], ""lat"": 40.7104799, ""lon"": -73.96351, ""url"": ""https://www.yelp.com/biz/motorino-pizzeria-napoletana-brooklyn?adjust_creative=7L58B9086saOW4zCCye5mg&utm_campaign=yelp_api_v3&utm_medium=api_v3_business_search&utm_source=7L58B9086saOW4zCCye5mg""}, {""name"": ""Social House Cafe"", ""score"": 0.898, ""rating"": 4.4, ""price"": ""$$"", ""distance_m"": 217.8, ""cuisines"": [""coffee"", ""cafes"", ""italian""], ""lat"": 40.7102965207822, ""lon"": -73.966014, ""url"": ""https://www.yelp.com/biz/social-house-cafe-brooklyn?adjust_creative=7L58B9086saOW4zCCye5mg&utm_campaign=yelp_api_v3&utm_medium=api_v3_business_search&utm_source=7L58B9086saOW4zCCye5mg""}, {""name"": ""Noods n’ Chill"", ""score"": 0.866, ""rating"": 4.0, ""price"": ""$$"", ""distance_m"": 233.4, ""cuisines"": [""thai""], ""lat"": 40.71194, ""lon"": -73.96121, ""url"": ""https://www.yelp.com/biz/noods-n-chill-brooklyn?adjust_creative=7L58B9086saOW4zCCye5mg&utm_campaign=yelp_api_v3&utm_medium=api_v3_business_search&utm_source=7L58B9086saOW4zCCye5mg""}, {""name"": ""OTB"", ""score"": 0.79, ""rating"": 4.3, ""price"": ""$$"", ""distance_m"": 36.5, ""cuisines"": [""newamerican"", ""breakfast_brunch"", ""cocktailbars""], ""lat"": 40.71045, ""lon"": -73.96345, ""url"": ""https://www.yelp.com/biz/otb-brooklyn?adjust_creative=7L58B9086saOW4zCCye5mg&utm_campaign=yelp_api_v3&utm_medium=api_v3_business_search&utm_source=7L58B9086saOW4zCCye5mg""}, {""name"": ""Francie"", ""score"": 0.78, ""rating"": 4.4, ""price"": ""$$$$"", ""distance_m"": 95.7, ""cuisines"": [""italian"", ""french"", ""cocktailbars""], ""lat"": 40.71002578663716, ""lon"": -73.96405744314846, ""url"": ""https://www.yelp.com/biz/francie-brooklyn?adjust_creative=7L58B9086saOW4zCCye5mg&utm_campaign=yelp_api_v3&utm_medium=api_v3_business_search&utm_source=7L58B9086saOW4zCCye5mg""}]",Brooklyn,Williamsburg,Moxy (Marriott),New York,"353 Bedford Ave, Brooklyn, NY 11211",40.71078,-73.96351
Residence Inn New York Manhattan/Times Square,0.845978,"[{""name"": ""Pisillo Italian Panini"", ""score"": 0.963, ""rating"": 4.8, ""price"": ""$$"", ""distance_m"": 78.8, ""cuisines"": [""delis"", ""italian"", ""sandwiches""], ""lat"": 40.752521, ""lon"": -73.9866864, ""url"": ""https://www.yelp.com/biz/pisillo-italian-panini-new-york-6?adjust_creative=7L58B9086saOW4zCCye5mg&utm_campaign=yelp_api_v3&utm_medium=api_v3_business_search&utm_source=7L58B9086saOW4zCCye5mg""}, {""name"": ""Napoli Pizza"", ""score"": 0.912, ""rating"": 3.9, ""price"": ""$"", ""distance_m"": 37.5, ""cuisines"": [""pizza"", ""pastashops"", ""italian""], ""lat"": 40.75274377588595, ""lon"": -73.9854148, ""url"": ""https://www.yelp.com/biz/napoli-pizza-new-york-5?adjust_creative=7L58B9086saOW4zCCye5mg&utm_campaign=yelp_api_v3&utm_medium=api_v3_business_search&utm_source=7L58B9086saOW4zCCye5mg""}, {""name"": ""Kajiken"", ""score"": 0.787, ""rating"": 4.5, ""price"": ""$$"", ""distance_m"": 96.3, ""cuisines"": [""ramen"", ""noodles""], ""lat"": 40.752060143128205, ""lon"": -73.98636590329981, ""url"": ""https://www.yelp.com/biz/kajiken-new-york?adjust_creative=7L58B9086saOW4zCCye5mg&utm_campaign=yelp_api_v3&utm_medium=api_v3_business_search&utm_source=7L58B9086saOW4zCCye5mg""}, {""name"": ""Class On 38th"", ""score"": 0.785, ""rating"": 4.5, ""price"": NaN, ""distance_m"": 102.3, ""cuisines"": [""bars"", ""japanese"", ""seafood""], ""lat"": 40.75216148352418, ""lon"": -73.98501159999999, ""url"": ""https://www.yelp.com/biz/class-on-38th-new-york?adjust_creative=7L58B9086saOW4zCCye5mg&utm_campaign=yelp_api_v3&utm_medium=api_v3_business_search&utm_source=7L58B9086saOW4zCCye5mg""}, {""name"": ""Peppercorn Station"", ""score"": 0.783, ""rating"": 4.3, ""price"": ""$$"", ""distance_m"": 61.4, ""cuisines"": [""szechuan""], ""lat"": 40.75266, ""lon"": -73.985145, ""url"": ""https://www.yelp.com/biz/peppercorn-station-new-york?adjust_creative=7L58B9086saOW4zCCye5mg&utm_campaign=yelp_api_v3&utm_medium=api_v3_business_search&utm_source=7L58B9086saOW4zCCye5mg""}]",Manhattan,Times Square,Residence Inn by Marriott,New York,"1033 6th Ave, New York, NY 10018",40.7528306,-73.9858447
W New York - Union Square,0.842804,"[{""name"": ""Paul & Jimmy's"", ""score"": 0.892, ""rating"": 3.9, ""price"": ""$$$"", ""distance_m"": 108.8, ""cuisines"": [""italian""], ""lat"": 40.73682, ""lon"": -73.987251, ""url"": ""https://www.yelp.com/biz/paul-and-jimmys-new-york?adjust_creative=7L58B9086saOW4zCCye5mg&utm_campaign=yelp_api_v3&utm_medium=api_v3_business_search&utm_source=7L58B9086saOW4zCCye5mg""}, {""name"": ""Yama"", ""score"": 0.879, ""rating"": 3.7, ""price"": ""$$"", ""distance_m"": 104.2, ""cuisines"": [""japanese"", ""sushi""], ""lat"": 40.73590516663025, ""lon"": -73.98767988956808, ""url"": ""https://www.yelp.com/biz/yama-new-york?adjust_creative=7L58B9086saOW4zCCye5mg&utm_campaign=yelp_api_v3&utm_medium=api_v3_business_search&utm_source=7L58B9086saOW4zCCye5mg""}, {""name"": ""The Stand Comedy Club & Restaurant"", ""score"": 0.877, ""rating"": 3.8, ""price"": ""$$"", ""distance_m"": 137.6, ""cuisines"": [""comedyclubs"", ""cocktailbars"", ""italian""], ""lat"": 40.73542, ""lon"": -73.98835, ""url"": ""https://www.yelp.com/biz/the-stand-comedy-club-and-restaurant-new-york-3?adjust_creative=7L58B9086saOW4zCCye5mg&utm_campaign=yelp_api_v3&utm_medium=api_v3_business_search&utm_source=7L58B9086saOW4zCCye5mg""}, {""name"": ""Boucherie Union Square"", ""score"": 0.784, ""rating"": 4.4, ""price"": ""$$$"", ""distance_m"": 80.4, ""cuisines"": [""steak"", ""french"", ""cocktailbars""], ""lat"": 40.73725824850519, ""lon"": -73.9882252705524, ""url"": ""https://www.yelp.com/biz/boucherie-union-square-new-york-2?adjust_creative=7L58B9086saOW4zCCye5mg&utm_campaign=yelp_api_v3&utm_medium=api_v3_business_search&utm_source=7L58B9086saOW4zCCye5mg""}, {""name"": ""Oceans New York"", ""score"": 0.783, ""rating"": 4.5, ""price"": ""$$$"", ""distance_m"": 112.1, ""cuisines"": [""seafood"", ""wine_bars"", ""sushi""], ""lat"": 40.737408, ""lon"": -73.987887, ""url"": ""https://www.yelp.com/biz/oceans-new-york-new-york?adjust_creative=7L58B9086saOW4zCCye5mg&utm_campaign=yelp_api_v3&utm_medium=api_v3_business_search&utm_source=7L58B9086saOW4zCCye5mg""}]",Manhattan,Union Square,W Hotels,New York,"201 Park Ave S, New York, NY 10003",40.7365762,-73.9885429
Moxy NYC Chelsea,0.835093,"[{""name"": ""Hanamizuki Cafe"", ""score"": 0.906, ""rating"": 4.2, ""price"": ""$$"", ""distance_m"": 134.1, ""cuisines"": [""cafes"", ""coffee"", ""japanese""], ""lat"": 40.74756805565555, ""lon"": -73.99161579999999, ""url"": ""https://www.yelp.com/biz/hanamizuki-cafe-new-york-2?adjust_creative=7L58B9086saOW4zCCye5mg&utm_campaign=yelp_api_v3&utm_medium=api_v3_business_search&utm_source=7L58B9086saOW4zCCye5mg""}, {""name"": ""L'Amico NYC"", ""score"": 0.883, ""rating"": 3.7, ""price"": ""$$$"", ""distance_m"": 88.7, ""cuisines"": [""italian"", ""bars"", ""pizza""], ""lat"": 40.747083, ""lon"": -73.990154, ""url"": ""https://www.yelp.com/biz/l-amico-nyc-new-york?adjust_creative=7L58B9086saOW4zCCye5mg&utm_campaign=yelp_api_v3&utm_medium=api_v3_business_search&utm_source=7L58B9086saOW4zCCye5mg""}, {""name"": ""Mala Panda"", ""score"": 0.798, ""rating"": 4.6, ""price"": ""$$"", ""distance_m"": 80.5, ""cuisines"": [""chinese"", ""seafood"", ""hotpot""], ""lat"": 40.74582305157627, ""lon"": -73.99136341799563, ""url"": ""https://www.yelp.com/biz/mala-panda-new-york-2?adjust_creative=7L58B9086saOW4zCCye5mg&utm_campaign=yelp_api_v3&utm_medium=api_v3_business_search&utm_source=7L58B9086saOW4zCCye5mg""}, {""name"": ""Loopy's Eatery"", ""score"": 0.798, ""rating"": 4.9, ""price"": ""$$"", ""distance_m"": 158.7, ""cuisines"": [""korean"", ""asianfusion"", ""cheesesteaks""], ""lat"": 40.747399, ""lon"": -73.992377, ""url"": ""https://www.yelp.com/biz/loopys-eatery-new-york-3?adjust_creative=7L58B9086saOW4zCCye5mg&utm_campaign=yelp_api_v3&utm_medium=api_v3_business_search&utm_source=7L58B9086saOW4zCCye5mg""}, {""name"": ""Antojito Mexicano"", ""score"": 0.79, ""rating"": 4.4, ""price"": ""$"", ""distance_m"": 60.0, ""cuisines"": [""mexican"", ""foodstands""], ""lat"": 40.7460380678347, ""lon"": -73.9905191880082, ""url"": ""https://www.yelp.com/biz/antojito-mexicano-new-york?adjust_creative=7L58B9086saOW4zCCye5mg&utm_campaign=yelp_api_v3&utm_medium=api_v3_business_search&utm_source=7L58B9086saOW4zCCye5mg""}]",Manhattan,Chelsea/NoMad,Moxy (Marriott),New York,"105 W 28th St, New York, NY 10001",40.7464744,-73.9909462
Sheraton Tribeca New York Hotel,0.823408,"[{""name"": ""Tataki Japanese Restaurant"", ""score"": 0.872, ""rating"": 3.5, ""price"": ""$$"", ""distance_m"": 80.1, ""cuisines"": [""japanese""], ""lat"": 40.72067, ""lon"": -74.00486, ""url"": ""https://www.yelp.com/biz/tataki-japanese-restaurant-new-york?adjust_creative=7L58B9086saOW4zCCye5mg&utm_campaign=yelp_api_v3&utm_medium=api_v3_business_search&utm_source=7L58B9086saOW4zCCye5mg""}, {""name"": ""Il Mulino Prime - Soho"", ""score"": 0.85, ""rating"": 3.5, ""price"": ""$$$"", ""distance_m"": 159.7, ""cuisines"": [""steak"", ""italian""], ""lat"": 40.72219, ""lon"": -74.00376, ""url"": ""https://www.yelp.com/biz/il-mulino-prime-soho-new-york?adjust_creative=7L58B9086saOW4zCCye5mg&utm_campaign=yelp_api_v3&utm_medium=api_v3_business_search&utm_source=7L58B9086saOW4zCCye5mg""}, {""name"": ""Panang Panang Thai Curry"", ""score"": 0.826, ""rating"": 5.0, ""price"": NaN, ""distance_m"": 83.2, ""cuisines"": [""fooddeliveryservices"", ""thai""], ""lat"": 40.72022426060824, ""lon"": -74.00463335005966, ""url"": ""https://www.yelp.com/biz/panang-panang-thai-curry-new-york?adjust_creative=7L58B9086saOW4zCCye5mg&utm_campaign=yelp_api_v3&utm_medium=api_v3_business_search&utm_source=7L58B9086saOW4zCCye5mg""}, {""name"": ""Lucia Alimentari"", ""score"": 0.794, ""rating"": 4.6, ""price"": NaN, ""distance_m"": 95.9, ""cuisines"": [""grocery"", ""sandwiches"", ""italian""], ""lat"": 40.72148028406957, ""lon"": -74.0043592982251, ""url"": ""https://www.yelp.com/biz/lucia-alimentari-new-york?adjust_creative=7L58B9086saOW4zCCye5mg&utm_campaign=yelp_api_v3&utm_medium=api_v3_business_search&utm_source=7L58B9086saOW4zCCye5mg""}, {""name"": ""Pepolino Restaurant"", ""score"": 0.776, ""rating"": 4.3, ""price"": ""$$$"", ""distance_m"": 85.6, ""cuisines"": [""tuscan""], ""lat"": 40.720756, ""lon"": -74.004885, ""url"": ""https://www.yelp.com/biz/pepolino-restaurant-new-york?adjust_creative=7L58B9086saOW4zCCye5mg&utm_campaign=yelp_api_v3&utm_medium=api_v3_business_search&utm_source=7L58B9086saOW4zCCye5mg""}]",Manhattan,Tribeca,Sheraton,New York,"370 Canal St, New York, NY 10013",40.7207008,-74.0038721
AC Hotel New York Times Square,0.812811,"[{""name"": ""Upside Pizza"", ""score"": 0.884, ""rating"": 3.7, ""price"": ""$"", ""distance_m"": 84.9, ""cuisines"": [""pizza"", ""italian""], ""lat"": 40.7550912, ""lon"": -73.9911494, ""url"": ""https://www.yelp.com/biz/upside-pizza-new-york?adjust_creative=7L58B9086saOW4zCCye5mg&utm_campaign=yelp_api_v3&utm_medium=api_v3_business_search&utm_source=7L58B9086saOW4zCCye5mg""}, {""name"": ""Modern Tea & Salad"", ""score"": 0.815, ""rating"": 5.0, ""price"": ""$$"", ""distance_m"": 120.1, ""cuisines"": [""bubbletea"", ""salad""], ""lat"": 40.75538, ""lon"": -73.99155, ""url"": ""https://www.yelp.com/biz/modern-tea-and-salad-new-york?adjust_creative=7L58B9086saOW4zCCye5mg&utm_campaign=yelp_api_v3&utm_medium=api_v3_business_search&utm_source=7L58B9086saOW4zCCye5mg""}, {""name"": ""Awesum Dimsum"", ""score"": 0.797, ""rating"": 4.4, ""price"": ""$$"", ""distance_m"": 36.8, ""cuisines"": [""dimsum"", ""cantonese""], ""lat"": 40.7557, ""lon"": -73.9907, ""url"": ""https://www.yelp.com/biz/awesum-dimsum-new-york-5?adjust_creative=7L58B9086saOW4zCCye5mg&utm_campaign=yelp_api_v3&utm_medium=api_v3_business_search&utm_source=7L58B9086saOW4zCCye5mg""}, {""name"": ""BTS - Bagel To Sandwich"", ""score"": 0.786, ""rating"": 4.5, ""price"": ""$$"", ""distance_m"": 100.4, ""cuisines"": [""breakfast_brunch"", ""bagels"", ""bakeries""], ""lat"": 40.75532, ""lon"": -73.98949, ""url"": ""https://www.yelp.com/biz/bts-bagel-to-sandwich-new-york?adjust_creative=7L58B9086saOW4zCCye5mg&utm_campaign=yelp_api_v3&utm_medium=api_v3_business_search&utm_source=7L58B9086saOW4zCCye5mg""}, {""name"": ""Maiz"", ""score"": 0.782, ""rating"": 4.2, ""price"": ""$$"", ""distance_m"": 41.7, ""cuisines"": [""mexican""], ""lat"": 40.755414979327306, ""lon"": -73.99069290204672, ""url"": ""https://www.yelp.com/biz/maiz-new-york?adjust_creative=7L58B9086saOW4zCCye5mg&utm_campaign=yelp_api_v3&utm_medium=api_v3_business_search&utm_source=7L58B9086saOW4zCCye5mg""}]",Manhattan,Times Square,AC Hotels by Marriott,New York,"260 W 40th St, New York, NY 10018",40.7556434,-73.9903003
SpringHill Suites New York Midtown Manhattan/Fifth Avenue,0.811546,"[{""name"": ""Togyushi"", ""score"": 0.84, ""rating"": 5.0, ""price"": NaN, ""distance_m"": 32.9, ""cuisines"": [""japanese"", ""steak"", ""cocktailbars""], ""lat"": 40.751355, ""lon"": -73.984991, ""url"": ""https://www.yelp.com/biz/togyushi-new-york?adjust_creative=7L58B9086saOW4zCCye5mg&utm_campaign=yelp_api_v3&utm_medium=api_v3_business_search&utm_source=7L58B9086saOW4zCCye5mg""}, {""name"": ""Kiai"", ""score"": 0.817, ""rating"": 5.0, ""price"": NaN, ""distance_m"": 114.5, ""cuisines"": [""japanese""], ""lat"": 40.752082, ""lon"": -73.984027, ""url"": ""https://www.yelp.com/biz/kiai-new-york?adjust_creative=7L58B9086saOW4zCCye5mg&utm_campaign=yelp_api_v3&utm_medium=api_v3_business_search&utm_source=7L58B9086saOW4zCCye5mg""}, {""name"": ""Umami Bistro"", ""score"": 0.817, ""rating"": 5.0, ""price"": NaN, ""distance_m"": 114.5, ""cuisines"": [""japanese"", ""catering"", ""personalchefs""], ""lat"": 40.75218, ""lon"": -73.98394, ""url"": ""https://www.yelp.com/biz/umami-bistro-new-york?adjust_creative=7L58B9086saOW4zCCye5mg&utm_campaign=yelp_api_v3&utm_medium=api_v3_business_search&utm_source=7L58B9086saOW4zCCye5mg""}, {""name"": ""Watami Japanese"", ""score"": 0.806, ""rating"": 4.6, ""price"": NaN, ""distance_m"": 53.8, ""cuisines"": [""sushi"", ""japanese""], ""lat"": 40.7510009, ""lon"": -73.9852485, ""url"": ""https://www.yelp.com/biz/watami-japanese-new-york?adjust_creative=7L58B9086saOW4zCCye5mg&utm_campaign=yelp_api_v3&utm_medium=api_v3_business_search&utm_source=7L58B9086saOW4zCCye5mg""}, {""name"": ""Tonchin"", ""score"": 0.778, ""rating"": 4.4, ""price"": ""$$"", ""distance_m"": 104.9, ""cuisines"": [""ramen"", ""cocktailbars"", ""chicken_wings""], ""lat"": 40.7502727, ""lon"": -73.9844951, ""url"": ""https://www.yelp.com/biz/tonchin-new-york-6?adjust_creative=7L58B9086saOW4zCCye5mg&utm_campaign=yelp_api_v3&utm_medium=api_v3_business_search&utm_source=7L58B9086saOW4zCCye5mg""}]",Manhattan,Midtown West,SpringHill Suites by Marriott,New York,"25 W 37th St, New York, NY 10018",40.7512066,-73.9846704
New York Marriott Downtown,0.805137,"[{""name"": ""Eataly NYC Downtown"", ""score"": 0.843, ""rating"": 3.7, ""price"": ""$$"", ""distance_m"": 242.6, ""cuisines"": [""grocery"", ""italian"", ""cafes""], ""lat"": 40.710206, ""lon"": -74.011823, ""url"": ""https://www.yelp.com/biz/eataly-nyc-downtown-new-york-2?adjust_creative=7L58B9086saOW4zCCye5mg&utm_campaign=yelp_api_v3&utm_medium=api_v3_business_search&utm_source=7L58B9086saOW4zCCye5mg""}, {""name"": ""La Pizza & La Pasta at Eataly NYC Downtown"", ""score"": 0.829, ""rating"": 3.5, ""price"": ""$$"", ""distance_m"": 242.6, ""cuisines"": [""pizza"", ""pastashops"", ""italian""], ""lat"": 40.710206, ""lon"": -74.011823, ""url"": ""https://www.yelp.com/biz/la-pizza-and-la-pasta-at-eataly-nyc-downtown-new-york?adjust_creative=7L58B9086saOW4zCCye5mg&utm_campaign=yelp_api_v3&utm_medium=api_v3_business_search&utm_source=7L58B9086saOW4zCCye5mg""}, {""name"": ""Osteria della Pace"", ""score"": 0.801, ""rating"": 3.1, ""price"": ""$$$"", ""distance_m"": 242.6, ""cuisines"": [""italian""], ""lat"": 40.7096522, ""lon"": -74.0112896, ""url"": ""https://www.yelp.com/biz/osteria-della-pace-new-york?adjust_creative=7L58B9086saOW4zCCye5mg&utm_campaign=yelp_api_v3&utm_medium=api_v3_business_search&utm_source=7L58B9086saOW4zCCye5mg""}, {""name"": ""Regular NYC"", ""score"": 0.788, ""rating"": 4.8, ""price"": ""$$"", ""distance_m"": 170.4, ""cuisines"": [""breakfast_brunch"", ""coffee"", ""bagels""], ""lat"": 40.70801, ""lon"": -74.013984, ""url"": ""https://www.yelp.com/biz/regular-nyc-new-york-5?adjust_creative=7L58B9086saOW4zCCye5mg&utm_campaign=yelp_api_v3&utm_medium=api_v3_business_search&utm_source=7L58B9086saOW4zCCye5mg""}, {""name"": ""Schilling Restaurant & Bar"", ""score"": 0.766, ""rating"": 4.2, ""price"": ""$$"", ""distance_m"": 97.1, ""cuisines"": [""austrian"", ""bars"", ""newamerican""], ""lat"": 40.70876746027962, ""lon"": -74.01401660338927, ""url"": ""https://www.yelp.com/biz/schilling-restaurant-and-bar-new-york?adjust_creative=7L58B9086saOW4zCCye5mg&utm_campaign=yelp_api_v3&utm_medium=api_v3_business_search&utm_source=7L58B9086saOW4zCCye5mg""}]",Manhattan,Financial District,Marriott Hotels & Resorts,New York,"85 West St, New York, NY 10006",40.7095189,-74.0146033
Courtyard New York Manhattan/Times Square West,0.800265,"[{""name"": ""Azuki"", ""score"": 0.83, ""rating"": 3.0, ""price"": ""$$"", ""distance_m"": 105.2, ""cuisines"": [""japanese"", ""sushi"", ""salad""], ""lat"": 40.75357639508275, ""lon"": -73.99227161605849, ""url"": ""https://www.yelp.com/biz/azuki-new-york-3?adjust_creative=7L58B9086saOW4zCCye5mg&utm_campaign=yelp_api_v3&utm_medium=api_v3_business_search&utm_source=7L58B9086saOW4zCCye5mg""}, {""name"": ""Ninjaki"", ""score"": 0.819, ""rating"": 5.0, ""price"": NaN, ""distance_m"": 107.1, ""cuisines"": [""japanese"", ""foodtrucks"", ""halal""], ""lat"": 40.755335, ""lon"": -73.993192, ""url"": ""https://www.yelp.com/biz/ninjaki-new-york-3?adjust_creative=7L58B9086saOW4zCCye5mg&utm_campaign=yelp_api_v3&utm_medium=api_v3_business_search&utm_source=7L58B9086saOW4zCCye5mg""}, {""name"": ""Carmen's Kitchen"", ""score"": 0.787, ""rating"": 4.3, ""price"": ""$$"", ""distance_m"": 46.1, ""cuisines"": [""chickenshop"", ""latin""], ""lat"": 40.7547995, ""lon"": -73.9921988, ""url"": ""https://www.yelp.com/biz/carmens-kitchen-new-york?adjust_creative=7L58B9086saOW4zCCye5mg&utm_campaign=yelp_api_v3&utm_medium=api_v3_business_search&utm_source=7L58B9086saOW4zCCye5mg""}, {""name"": ""KPOT Korean BBQ & Hot Pot"", ""score"": 0.784, ""rating"": 4.3, ""price"": ""$$$"", ""distance_m"": 56.2, ""cuisines"": [""korean"", ""bbq"", ""hotpot""], ""lat"": 40.755, ""lon"": -73.99256, ""url"": ""https://www.yelp.com/biz/kpot-korean-bbq-and-hot-pot-new-york-3?adjust_creative=7L58B9086saOW4zCCye5mg&utm_campaign=yelp_api_v3&utm_medium=api_v3_business_search&utm_source=7L58B9086saOW4zCCye5mg""}, {""name"": ""Ramini Espresso Bar & Cafe"", ""score"": 0.781, ""rating"": 4.4, ""price"": ""$"", ""distance_m"": 92.1, ""cuisines"": [""coffee"", ""cafes""], ""lat"": 40.7536963373423, ""lon"": -73.9910175651312, ""url"": ""https://www.yelp.com/biz/ramini-espresso-bar-and-cafe-new-york?adjust_creative=7L58B9086saOW4zCCye5mg&utm_campaign=yelp_api_v3&utm_medium=api_v3_business_search&utm_source=7L58B9086saOW4zCCye5mg""}]",Manhattan,Garment District,Courtyard by Marriott,New York,"307 W 37th St, New York, NY 10018",40.7544949,-73.9925695
Moxy NYC Times Square,0.799895,"[{""name"": ""Dainobu Gourmet Deli"", ""score"": 0.819, ""rating"": 5.0, ""price"": NaN, ""distance_m"": 108.5, ""cuisines"": [""delis"", ""sushi"", ""japanese""], ""lat"": 40.75184, ""lon"": -73.98839, ""url"": ""https://www.yelp.com/biz/dainobu-gourmet-deli-new-york?adjust_creative=7L58B9086saOW4zCCye5mg&utm_campaign=yelp_api_v3&utm_medium=api_v3_business_search&utm_source=7L58B9086saOW4zCCye5mg""}, {""name"": ""Café D'Avignon - The Moxy Times Square"", ""score"": 0.8, ""rating"": 4.4, ""price"": ""$$"", ""distance_m"": 28.0, ""cuisines"": [""bakeries"", ""breakfast_brunch"", ""sandwiches""], ""lat"": 40.752344, ""lon"": -73.989233, ""url"": ""https://www.yelp.com/biz/caf%C3%A9-d-avignon-the-moxy-times-square-new-york-5?adjust_creative=7L58B9086saOW4zCCye5mg&utm_campaign=yelp_api_v3&utm_medium=api_v3_business_search&utm_source=7L58B9086saOW4zCCye5mg""}, {""name"": ""7th Street Burger Times Square"", ""score"": 0.798, ""rating"": 4.3, ""price"": ""$$"", ""distance_m"": 9.2, ""cuisines"": [""burgers"", ""beverage_stores""], ""lat"": 40.75243161339776, ""lon"": -73.98932513685675, ""url"": ""https://www.yelp.com/biz/7th-street-burger-times-square-new-york?adjust_creative=7L58B9086saOW4zCCye5mg&utm_campaign=yelp_api_v3&utm_medium=api_v3_business_search&utm_source=7L58B9086saOW4zCCye5mg""}, {""name"": ""Zen Ramen & Sushi"", ""score"": 0.792, ""rating"": 4.5, ""price"": ""$$"", ""distance_m"": 80.0, ""cuisines"": [""sushi"", ""ramen"", ""salad""], ""lat"": 40.75177475474212, ""lon"": -73.98897630211589, ""url"": ""https://www.yelp.com/biz/zen-ramen-and-sushi-new-york?adjust_creative=7L58B9086saOW4zCCye5mg&utm_campaign=yelp_api_v3&utm_medium=api_v3_business_search&utm_source=7L58B9086saOW4zCCye5mg""}, {""name"": ""Beyond Sushi"", ""score"": 0.791, ""rating"": 4.5, ""price"": ""$$"", ""distance_m"": 80.2, ""cuisines"": [""vegan"", ""sushi"", ""desserts""], ""lat"": 40.752480219194666, ""lon"": -73.98848260324495, ""url"": ""https://www.yelp.com/biz/beyond-sushi-new-york-5?adjust_creative=7L58B9086saOW4zCCye5mg&utm_campaign=yelp_api_v3&utm_medium=api_v3_business_search&utm_source=7L58B9086saOW4zCCye5mg""}]",Manhattan,Times Square,Moxy (Marriott),New York,"485 7th Ave, New York, NY 10018",40.752407,-73.98943
Renaissance New York Midtown Hotel,0.796687,"[{""name"": ""Sushi 35 West"", ""score"": 0.811, ""rating"": 4.5, ""price"": NaN, ""distance_m"": 14.8, ""cuisines"": [""japanese"", ""sushi""], ""lat"": 40.75185576273942, ""lon"": -73.99103170429917, ""url"": ""https://www.yelp.com/biz/sushi-35-west-new-york?adjust_creative=7L58B9086saOW4zCCye5mg&utm_campaign=yelp_api_v3&utm_medium=api_v3_business_search&utm_source=7L58B9086saOW4zCCye5mg""}, {""name"": ""Alessa Cucina & Bar"", ""score"": 0.799, ""rating"": 4.6, ""price"": NaN, ""distance_m"": 79.7, ""cuisines"": [""italian"", ""cocktailbars"", ""venues""], ""lat"": 40.752414070599656, ""lon"": -73.99133599999999, ""url"": ""https://www.yelp.com/biz/alessa-new-york?adjust_creative=7L58B9086saOW4zCCye5mg&utm_campaign=yelp_api_v3&utm_medium=api_v3_business_search&utm_source=7L58B9086saOW4zCCye5mg""}, {""name"": ""Stick To My Pot Potsticker"", ""score"": 0.798, ""rating"": 4.4, ""price"": ""$"", ""distance_m"": 34.8, ""cuisines"": [""chinese""], ""lat"": 40.75202, ""lon"": -73.99121, ""url"": ""https://www.yelp.com/biz/stick-to-my-pot-potsticker-new-york?adjust_creative=7L58B9086saOW4zCCye5mg&utm_campaign=yelp_api_v3&utm_medium=api_v3_business_search&utm_source=7L58B9086saOW4zCCye5mg""}, {""name"": ""Best Bagel & Coffee"", ""score"": 0.797, ""rating"": 4.5, ""price"": ""$$"", ""distance_m"": 60.3, ""cuisines"": [""bagels"", ""coffee"", ""breakfast_brunch""], ""lat"": 40.7522683, ""lon"": -73.9910861, ""url"": ""https://www.yelp.com/biz/best-bagel-and-coffee-new-york?adjust_creative=7L58B9086saOW4zCCye5mg&utm_campaign=yelp_api_v3&utm_medium=api_v3_business_search&utm_source=7L58B9086saOW4zCCye5mg""}, {""name"": ""Gosuke"", ""score"": 0.779, ""rating"": 4.3, ""price"": NaN, ""distance_m"": 73.2, ""cuisines"": [""japanese"", ""sushi""], ""lat"": 40.7523, ""lon"": -73.99127, ""url"": ""https://www.yelp.com/biz/gosuke-new-york-2?adjust_creative=7L58B9086saOW4zCCye5mg&utm_campaign=yelp_api_v3&utm_medium=api_v3_business_search&utm_source=7L58B9086saOW4zCCye5mg""}]",Manhattan,Midtown West,Renaissance,New York,"218 W 35th St, New York, NY 10001",40.7517258,-73.9910703
Aloft New York Brooklyn,0.795292,"[{""name"": ""Avere Ristorante"", ""score"": 0.867, ""rating"": 3.6, ""price"": ""$$$"", ""distance_m"": 120.6, ""cuisines"": [""italian""], ""lat"": 40.6915079, ""lon"": -73.9849649, ""url"": ""https://www.yelp.com/biz/avere-ristorante-brooklyn?adjust_creative=7L58B9086saOW4zCCye5mg&utm_campaign=yelp_api_v3&utm_medium=api_v3_business_search&utm_source=7L58B9086saOW4zCCye5mg""}, {""name"": ""Hibachi King Express"", ""score"": 0.796, ""rating"": 2.5, ""price"": ""$"", ""distance_m"": 99.4, ""cuisines"": [""japanese"", ""sushi""], ""lat"": 40.691662, ""lon"": -73.986492, ""url"": ""https://www.yelp.com/biz/hibachi-king-express-brooklyn?adjust_creative=7L58B9086saOW4zCCye5mg&utm_campaign=yelp_api_v3&utm_medium=api_v3_business_search&utm_source=7L58B9086saOW4zCCye5mg""}, {""name"": ""Bread & Spread"", ""score"": 0.782, ""rating"": 4.4, ""price"": ""$$"", ""distance_m"": 89.4, ""cuisines"": [""coffee"", ""breakfast_brunch"", ""sandwiches""], ""lat"": 40.69175403159706, ""lon"": -73.98514841880406, ""url"": ""https://www.yelp.com/biz/bread-and-spread-brooklyn-2?adjust_creative=7L58B9086saOW4zCCye5mg&utm_campaign=yelp_api_v3&utm_medium=api_v3_business_search&utm_source=7L58B9086saOW4zCCye5mg""}, {""name"": ""Nan Xiang Express"", ""score"": 0.769, ""rating"": 4.2, ""price"": ""$$"", ""distance_m"": 87.3, ""cuisines"": [""shanghainese"", ""dimsum"", ""noodles""], ""lat"": 40.691816, ""lon"": -73.986564, ""url"": ""https://www.yelp.com/biz/nan-xiang-express-brooklyn-2?adjust_creative=7L58B9086saOW4zCCye5mg&utm_campaign=yelp_api_v3&utm_medium=api_v3_business_search&utm_source=7L58B9086saOW4zCCye5mg""}, {""name"": ""Sound + Fury Brewery and Kitchen"", ""score"": 0.763, ""rating"": 4.1, ""price"": ""$$"", ""distance_m"": 83.2, ""cuisines"": [""pizza"", ""brewpubs""], ""lat"": 40.69165, ""lon"": -73.98603, ""url"": ""https://www.yelp.com/biz/sound-fury-brewery-and-kitchen-brooklyn-2?adjust_creative=7L58B9086saOW4zCCye5mg&utm_campaign=yelp_api_v3&utm_medium=api_v3_business_search&utm_source=7L58B9086saOW4zCCye5mg""}]",Brooklyn,Downtown Brooklyn,Aloft (Marriott),New York,"216 Duffield St, Brooklyn, NY 11201",40.692387,-73.985803
Courtyard New York Manhattan/SoHo,0.792757,"[{""name"": ""Bar Mutsumi"", ""score"": 0.818, ""rating"": 5.0, ""price"": NaN, ""distance_m"": 109.7, ""cuisines"": [""japanese"", ""whiskeybars"", ""wine_bars""], ""lat"": 40.72663, ""lon"": -74.00626, ""url"": ""https://www.yelp.com/biz/bar-mutsumi-new-york?adjust_creative=7L58B9086saOW4zCCye5mg&utm_campaign=yelp_api_v3&utm_medium=api_v3_business_search&utm_source=7L58B9086saOW4zCCye5mg""}, {""name"": ""Banaro"", ""score"": 0.803, ""rating"": 5.0, ""price"": NaN, ""distance_m"": 167.3, ""cuisines"": [""fooddeliveryservices"", ""italian""], ""lat"": 40.72626, ""lon"": -74.00496, ""url"": ""https://www.yelp.com/biz/banaro-new-york?adjust_creative=7L58B9086saOW4zCCye5mg&utm_campaign=yelp_api_v3&utm_medium=api_v3_business_search&utm_source=7L58B9086saOW4zCCye5mg""}, {""name"": ""Miomio"", ""score"": 0.798, ""rating"": 4.7, ""price"": NaN, ""distance_m"": 108.6, ""cuisines"": [""desserts"", ""japanese"", ""breakfast_brunch""], ""lat"": 40.72669555101995, ""lon"": -74.0064252, ""url"": ""https://www.yelp.com/biz/miomio-new-york-2?adjust_creative=7L58B9086saOW4zCCye5mg&utm_campaign=yelp_api_v3&utm_medium=api_v3_business_search&utm_source=7L58B9086saOW4zCCye5mg""}, {""name"": ""MakiMaki Sushi"", ""score"": 0.783, ""rating"": 4.4, ""price"": NaN, ""distance_m"": 85.1, ""cuisines"": [""sushi"", ""japanese"", ""catering""], ""lat"": 40.72766470000001, ""lon"": -74.0067845, ""url"": ""https://www.yelp.com/biz/makimaki-sushi-new-york-6?adjust_creative=7L58B9086saOW4zCCye5mg&utm_campaign=yelp_api_v3&utm_medium=api_v3_business_search&utm_source=7L58B9086saOW4zCCye5mg""}, {""name"": ""Port Sa'id"", ""score"": 0.762, ""rating"": 4.1, ""price"": ""$$$"", ""distance_m"": 85.3, ""cuisines"": [""mediterranean"", ""vinyl_records"", ""tapasmallplates""], ""lat"": 40.72767644691845, ""lon"": -74.0067845, ""url"": ""https://www.yelp.com/biz/port-said-new-york?adjust_creative=7L58B9086saOW4zCCye5mg&utm_campaign=yelp_api_v3&utm_medium=api_v3_business_search&utm_source=7L58B9086saOW4zCCye5mg""}]",Manhattan,SoHo,Courtyard by Marriott,New York,"181 Varick St, New York, NY 10014",40.7275439,-74.005787
The New York EDITION,0.790116,"[{""name"": ""Rafiqi's"", ""score"": 0.817, ""rating"": 5.0, ""price"": ""$"", ""distance_m"": 114.9, ""cuisines"": [""foodstands""], ""lat"": 40.7405575364828, ""lon"": -73.9862378686666, ""url"": ""https://www.yelp.com/biz/rafiqis-new-york-11?adjust_creative=7L58B9086saOW4zCCye5mg&utm_campaign=yelp_api_v3&utm_medium=api_v3_business_search&utm_source=7L58B9086saOW4zCCye5mg""}, {""name"": ""Il Gusto"", ""score"": 0.814, ""rating"": 5.0, ""price"": NaN, ""distance_m"": 123.9, ""cuisines"": [""fooddeliveryservices"", ""italian"", ""pizza""], ""lat"": 40.740269, ""lon"": -73.987079, ""url"": ""https://www.yelp.com/biz/il-gusto-new-york-3?adjust_creative=7L58B9086saOW4zCCye5mg&utm_campaign=yelp_api_v3&utm_medium=api_v3_business_search&utm_source=7L58B9086saOW4zCCye5mg""}, {""name"": ""Summer Salt"", ""score"": 0.781, ""rating"": 4.4, ""price"": ""$$"", ""distance_m"": 94.4, ""cuisines"": [""tacos"", ""newmexican""], ""lat"": 40.740466, ""lon"": -73.987761, ""url"": ""https://www.yelp.com/biz/summer-salt-new-york-3?adjust_creative=7L58B9086saOW4zCCye5mg&utm_campaign=yelp_api_v3&utm_medium=api_v3_business_search&utm_source=7L58B9086saOW4zCCye5mg""}, {""name"": ""The Clocktower"", ""score"": 0.777, ""rating"": 4.0, ""price"": ""$$$"", ""distance_m"": 8.5, ""cuisines"": [""british""], ""lat"": 40.74133, ""lon"": -73.98747, ""url"": ""https://www.yelp.com/biz/the-clocktower-new-york?adjust_creative=7L58B9086saOW4zCCye5mg&utm_campaign=yelp_api_v3&utm_medium=api_v3_business_search&utm_source=7L58B9086saOW4zCCye5mg""}, {""name"": ""Shake Shack Madison Square Park"", ""score"": 0.761, ""rating"": 4.0, ""price"": ""$$"", ""distance_m"": 62.9, ""cuisines"": [""hotdogs"", ""burgers"", ""icecream""], ""lat"": 40.7409, ""lon"": -73.98796, ""url"": ""https://www.yelp.com/biz/shake-shack-madison-square-park-new-york-3?adjust_creative=7L58B9086saOW4zCCye5mg&utm_campaign=yelp_api_v3&utm_medium=api_v3_business_search&utm_source=7L58B9086saOW4zCCye5mg""}]",Manhattan,Flatiron,EDITION,New York,"5 Madison Ave, New York, NY 10010",40.7413262,-73.9874695
Fairfield Inn & Suites New York Midtown Manhattan/Penn Station,0.785584,"[{""name"": ""Trattoria Bianca"", ""score"": 0.838, ""rating"": 3.3, ""price"": ""$$"", ""distance_m"": 152.5, ""cuisines"": [""italian""], ""lat"": 40.75263, ""lon"": -73.99338, ""url"": ""https://www.yelp.com/biz/trattoria-bianca-new-york-3?adjust_creative=7L58B9086saOW4zCCye5mg&utm_campaign=yelp_api_v3&utm_medium=api_v3_business_search&utm_source=7L58B9086saOW4zCCye5mg""}, {""name"": ""Pokeworks"", ""score"": 0.797, ""rating"": 4.4, ""price"": ""$$"", ""distance_m"": 35.8, ""cuisines"": [""poke"", ""salad"", ""hawaiian""], ""lat"": 40.75258, ""lon"": -73.99551, ""url"": ""https://www.yelp.com/biz/pokeworks-new-york-18?adjust_creative=7L58B9086saOW4zCCye5mg&utm_campaign=yelp_api_v3&utm_medium=api_v3_business_search&utm_source=7L58B9086saOW4zCCye5mg""}, {""name"": ""Bar Primi Penn District"", ""score"": 0.767, ""rating"": 4.1, ""price"": NaN, ""distance_m"": 68.8, ""cuisines"": [""italian"", ""bars"", ""pizza""], ""lat"": 40.7524583, ""lon"": -73.9954517, ""url"": ""https://www.yelp.com/biz/bar-primi-penn-district-new-york-3?adjust_creative=7L58B9086saOW4zCCye5mg&utm_campaign=yelp_api_v3&utm_medium=api_v3_business_search&utm_source=7L58B9086saOW4zCCye5mg""}, {""name"": ""NAYA"", ""score"": 0.766, ""rating"": 4.2, ""price"": ""$$"", ""distance_m"": 94.9, ""cuisines"": [""mideastern"", ""mediterranean""], ""lat"": 40.75162820264864, ""lon"": -73.99587334448617, ""url"": ""https://www.yelp.com/biz/naya-new-york-60?adjust_creative=7L58B9086saOW4zCCye5mg&utm_campaign=yelp_api_v3&utm_medium=api_v3_business_search&utm_source=7L58B9086saOW4zCCye5mg""}, {""name"": ""Cha Cha Matcha"", ""score"": 0.76, ""rating"": 4.2, ""price"": ""$"", ""distance_m"": 118.7, ""cuisines"": [""cafes"", ""coffee"", ""juicebars""], ""lat"": 40.75121209941116, ""lon"": -73.9953871, ""url"": ""https://www.yelp.com/biz/cha-cha-matcha-new-york-17?adjust_creative=7L58B9086saOW4zCCye5mg&utm_campaign=yelp_api_v3&utm_medium=api_v3_business_search&utm_source=7L58B9086saOW4zCCye5mg""}]",Manhattan,Chelsea/NoMad,Fairfield Inn & Suites by Marriott,New York,"325 W 33rd St, New York, NY 10001",40.7522599,-73.9951162
New York Marriott at the Brooklyn Bridge,0.785118,"[{""name"": ""Teriyaki One"", ""score"": 0.908, ""rating"": 4.3, ""price"": ""$$"", ""distance_m"": 151.9, ""cuisines"": [""japanese""], ""lat"": 40.69207434113311, ""lon"": -73.9875789731741, ""url"": ""https://www.yelp.com/biz/teriyaki-one-brooklyn?adjust_creative=7L58B9086saOW4zCCye5mg&utm_campaign=yelp_api_v3&utm_medium=api_v3_business_search&utm_source=7L58B9086saOW4zCCye5mg""}, {""name"": ""Dave's Hot Chicken"", ""score"": 0.791, ""rating"": 4.4, ""price"": ""$$"", ""distance_m"": 56.5, ""cuisines"": [""halal"", ""chickenshop""], ""lat"": 40.69289117139648, ""lon"": -73.98847946443622, ""url"": ""https://www.yelp.com/biz/daves-hot-chicken-brooklyn-3?adjust_creative=7L58B9086saOW4zCCye5mg&utm_campaign=yelp_api_v3&utm_medium=api_v3_business_search&utm_source=7L58B9086saOW4zCCye5mg""}, {""name"": ""Downtown Natural Market"", ""score"": 0.752, ""rating"": 4.4, ""price"": ""$$"", ""distance_m"": 200.9, ""cuisines"": [""juicebars"", ""vitaminssupplements"", ""vegetarian""], ""lat"": 40.691711085615225, ""lon"": -73.98721775505574, ""url"": ""https://www.yelp.com/biz/downtown-natural-market-brooklyn?adjust_creative=7L58B9086saOW4zCCye5mg&utm_campaign=yelp_api_v3&utm_medium=api_v3_business_search&utm_source=7L58B9086saOW4zCCye5mg""}, {""name"": ""Xi'an Famous Foods"", ""score"": 0.748, ""rating"": 4.3, ""price"": ""$$"", ""distance_m"": 190.2, ""cuisines"": [""chinese"", ""noodles"", ""burgers""], ""lat"": 40.69212, ""lon"": -73.9867, ""url"": ""https://www.yelp.com/biz/xian-famous-foods-brooklyn-10?adjust_creative=7L58B9086saOW4zCCye5mg&utm_campaign=yelp_api_v3&utm_medium=api_v3_business_search&utm_source=7L58B9086saOW4zCCye5mg""}, {""name"": ""Shake Shack Downtown Brooklyn"", ""score"": 0.727, ""rating"": 3.8, ""price"": ""$$"", ""distance_m"": 138.0, ""cuisines"": [""burgers"", ""icecream"", ""hotdogs""], ""lat"": 40.69213, ""lon"": -73.98847, ""url"": ""https://www.yelp.com/biz/shake-shack-downtown-brooklyn-brooklyn?adjust_creative=7L58B9086saOW4zCCye5mg&utm_campaign=yelp_api_v3&utm_medium=api_v3_business_search&utm_source=7L58B9086saOW4zCCye5mg""}]",Brooklyn,Downtown Brooklyn,Marriott Hotels & Resorts,New York,"333 Adams St, Brooklyn, NY 11201",40.693355,-73.988205
TownePlace Suites by Marriott New York Brooklyn,0.778701,"[{""name"": ""Kiku Asian Bistro"", ""score"": 0.833, ""rating"": 3.8, ""price"": ""$$"", ""distance_m"": 311.5, ""cuisines"": [""sushi"", ""japanese"", ""asianfusion""], ""lat"": 40.67751528847935, ""lon"": -73.97959202674274, ""url"": ""https://www.yelp.com/biz/kiku-asian-bistro-brooklyn?adjust_creative=7L58B9086saOW4zCCye5mg&utm_campaign=yelp_api_v3&utm_medium=api_v3_business_search&utm_source=7L58B9086saOW4zCCye5mg""}, {""name"": ""Pizzatown"", ""score"": 0.823, ""rating"": 3.7, ""price"": ""$"", ""distance_m"": 324.1, ""cuisines"": [""pizza"", ""italian"", ""sandwiches""], ""lat"": 40.680043, ""lon"": -73.977872, ""url"": ""https://www.yelp.com/biz/pizzatown-brooklyn-3?adjust_creative=7L58B9086saOW4zCCye5mg&utm_campaign=yelp_api_v3&utm_medium=api_v3_business_search&utm_source=7L58B9086saOW4zCCye5mg""}, {""name"": ""TongDee Thai"", ""score"": 0.77, ""rating"": 5.0, ""price"": NaN, ""distance_m"": 299.9, ""cuisines"": [""thai""], ""lat"": 40.677421, ""lon"": -73.980045, ""url"": ""https://www.yelp.com/biz/tongdee-thai-brooklyn-2?adjust_creative=7L58B9086saOW4zCCye5mg&utm_campaign=yelp_api_v3&utm_medium=api_v3_business_search&utm_source=7L58B9086saOW4zCCye5mg""}, {""name"": ""Morelos Authentic Mexican Cuisine"", ""score"": 0.736, ""rating"": 4.6, ""price"": ""$"", ""distance_m"": 326.3, ""cuisines"": [""mexican"", ""foodtrucks""], ""lat"": 40.67185, ""lon"": -73.97898, ""url"": ""https://www.yelp.com/biz/morelos-authentic-mexican-cuisine-park-slope?adjust_creative=7L58B9086saOW4zCCye5mg&utm_campaign=yelp_api_v3&utm_medium=api_v3_business_search&utm_source=7L58B9086saOW4zCCye5mg""}, {""name"": ""Medusa The Greek"", ""score"": 0.731, ""rating"": 4.4, ""price"": ""$$"", ""distance_m"": 285.7, ""cuisines"": [""greek"", ""mediterranean""], ""lat"": 40.67857, ""lon"": -73.97885, ""url"": ""https://www.yelp.com/biz/medusa-the-greek-brooklyn?adjust_creative=7L58B9086saOW4zCCye5mg&utm_campaign=yelp_api_v3&utm_medium=api_v3_business_search&utm_source=7L58B9086saOW4zCCye5mg""}]",Brooklyn,Boerum Hill,TownePlace Suites by Marriott,New York,"561 President St, Brooklyn, NY 11215",40.679814,-73.981703
Courtyard New York Queens/Fresh Meadows,0.769244,"[{""name"": ""Tokyo Hibachi Steak House & Sushi"", ""score"": 0.874, ""rating"": 3.6, ""price"": ""$$"", ""distance_m"": 97.5, ""cuisines"": [""japanese"", ""steak""], ""lat"": 40.7397786666437, ""lon"": -73.7898874282837, ""url"": ""https://www.yelp.com/biz/tokyo-hibachi-steak-house-and-sushi-fresh-meadows?adjust_creative=7L58B9086saOW4zCCye5mg&utm_campaign=yelp_api_v3&utm_medium=api_v3_business_search&utm_source=7L58B9086saOW4zCCye5mg""}, {""name"": ""Fuzi Pasta Co"", ""score"": 0.771, ""rating"": 4.4, ""price"": ""$$"", ""distance_m"": 881.8, ""cuisines"": [""pastashops"", ""italian""], ""lat"": 40.732872749986974, ""lon"": -73.7945689, ""url"": ""https://www.yelp.com/biz/fuzi-pasta-co-fresh-meadows?adjust_creative=7L58B9086saOW4zCCye5mg&utm_campaign=yelp_api_v3&utm_medium=api_v3_business_search&utm_source=7L58B9086saOW4zCCye5mg""}, {""name"": ""Brother’s Pizzeria"", ""score"": 0.747, ""rating"": 4.2, ""price"": ""$"", ""distance_m"": 166.9, ""cuisines"": [""pizza""], ""lat"": 40.7398, ""lon"": -73.788972, ""url"": ""https://www.yelp.com/biz/brother-s-pizzeria-fresh-meadows-2?adjust_creative=7L58B9086saOW4zCCye5mg&utm_campaign=yelp_api_v3&utm_medium=api_v3_business_search&utm_source=7L58B9086saOW4zCCye5mg""}, {""name"": ""Bagel Oasis"", ""score"": 0.727, ""rating"": 3.7, ""price"": ""$"", ""distance_m"": 109.1, ""cuisines"": [""bagels"", ""delis""], ""lat"": 40.739435, ""lon"": -73.790506, ""url"": ""https://www.yelp.com/biz/bagel-oasis-fresh-meadows-3?adjust_creative=7L58B9086saOW4zCCye5mg&utm_campaign=yelp_api_v3&utm_medium=api_v3_business_search&utm_source=7L58B9086saOW4zCCye5mg""}, {""name"": ""Halal Boyz"", ""score"": 0.727, ""rating"": 3.7, ""price"": ""$"", ""distance_m"": 109.8, ""cuisines"": [""halal"", ""hotdogs""], ""lat"": 40.7394059408154, ""lon"": -73.7902313, ""url"": ""https://www.yelp.com/biz/halal-boyz-fresh-meadows?adjust_creative=7L58B9086saOW4zCCye5mg&utm_campaign=yelp_api_v3&utm_medium=api_v3_business_search&utm_source=7L58B9086saOW4zCCye5mg""}]",Queens,Fresh Meadows,Courtyard by Marriott,New York,"183-15 Horace Harding Expressway, Fresh Meadows, NY 11365",40.7402814,-73.7908349
Residence Inn New York The Bronx at Metro Center Atrium,0.767293,"[{""name"": ""Kai Sushi Asian Fusion"", ""score"": 0.798, ""rating"": 3.9, ""price"": ""$$"", ""distance_m"": 509.6, ""cuisines"": [""asianfusion"", ""chinese"", ""japanese""], ""lat"": 40.84362, ""lon"": -73.84565, ""url"": ""https://www.yelp.com/biz/kai-sushi-asian-fusion-bronx?adjust_creative=7L58B9086saOW4zCCye5mg&utm_campaign=yelp_api_v3&utm_medium=api_v3_business_search&utm_source=7L58B9086saOW4zCCye5mg""}, {""name"": ""Tana Thai"", ""score"": 0.775, ""rating"": 3.2, ""price"": ""$$"", ""distance_m"": 384.8, ""cuisines"": [""thai""], ""lat"": 40.8514292, ""lon"": -73.84381380091752, ""url"": ""https://www.yelp.com/biz/tana-thai-bronx?adjust_creative=7L58B9086saOW4zCCye5mg&utm_campaign=yelp_api_v3&utm_medium=api_v3_business_search&utm_source=7L58B9086saOW4zCCye5mg""}, {""name"": ""Chicken Vs Lamb"", ""score"": 0.767, ""rating"": 4.3, ""price"": ""$"", ""distance_m"": 116.3, ""cuisines"": [""mideastern"", ""halal"", ""foodstands""], ""lat"": 40.8489762040892, ""lon"": -73.845446217529, ""url"": ""https://www.yelp.com/biz/chicken-vs-lamb-bronx-3?adjust_creative=7L58B9086saOW4zCCye5mg&utm_campaign=yelp_api_v3&utm_medium=api_v3_business_search&utm_source=7L58B9086saOW4zCCye5mg""}, {""name"": ""Patricia's of Morris Park"", ""score"": 0.76, ""rating"": 3.9, ""price"": ""$$$"", ""distance_m"": 725.0, ""cuisines"": [""pizza"", ""italian"", ""bars""], ""lat"": 40.84914003884008, ""lon"": -73.8533007, ""url"": ""https://www.yelp.com/biz/patricias-of-morris-park-bronx?adjust_creative=7L58B9086saOW4zCCye5mg&utm_campaign=yelp_api_v3&utm_medium=api_v3_business_search&utm_source=7L58B9086saOW4zCCye5mg""}, {""name"": ""Bagels and Cream"", ""score"": 0.736, ""rating"": 3.8, ""price"": ""$"", ""distance_m"": 101.9, ""cuisines"": [""bagels"", ""breakfast_brunch"", ""coffee""], ""lat"": 40.84719, ""lon"": -73.84437, ""url"": ""https://www.yelp.com/biz/bagels-and-cream-bronx?adjust_creative=7L58B9086saOW4zCCye5mg&utm_campaign=yelp_api_v3&utm_medium=api_v3_business_search&utm_source=7L58B9086saOW4zCCye5mg""}]",Bronx,Eastchester/Metro Center Atrium,Residence Inn by Marriott,NewYork,"1776 Eastchester Rd, Bronx, NY 10461",40.8480503,-73.8448029
Fairfield Inn & Suites New York Brooklyn,0.742605,"[{""name"": ""Mozzarella NYC"", ""score"": 0.752, ""rating"": 5.0, ""price"": NaN, ""distance_m"": 380.8, ""cuisines"": [""fooddeliveryservices"", ""italian""], ""lat"": 40.68259404416556, ""lon"": -73.97928505806213, ""url"": ""https://www.yelp.com/biz/mozzarella-nyc-brooklyn?adjust_creative=7L58B9086saOW4zCCye5mg&utm_campaign=yelp_api_v3&utm_medium=api_v3_business_search&utm_source=7L58B9086saOW4zCCye5mg""}, {""name"": ""Ossobuco La Cucina Di Milano"", ""score"": 0.752, ""rating"": 5.0, ""price"": NaN, ""distance_m"": 380.8, ""cuisines"": [""fooddeliveryservices"", ""italian"", ""steak""], ""lat"": 40.68259404416556, ""lon"": -73.97928505806213, ""url"": ""https://www.yelp.com/biz/ossobuco-la-cucina-di-milano-brooklyn?adjust_creative=7L58B9086saOW4zCCye5mg&utm_campaign=yelp_api_v3&utm_medium=api_v3_business_search&utm_source=7L58B9086saOW4zCCye5mg""}, {""name"": ""Threes Brewing"", ""score"": 0.75, ""rating"": 4.1, ""price"": ""$$"", ""distance_m"": 128.3, ""cuisines"": [""venues"", ""burgers"", ""beerbar""], ""lat"": 40.6797218322754, ""lon"": -73.9821624755859, ""url"": ""https://www.yelp.com/biz/threes-brewing-brooklyn?adjust_creative=7L58B9086saOW4zCCye5mg&utm_campaign=yelp_api_v3&utm_medium=api_v3_business_search&utm_source=7L58B9086saOW4zCCye5mg""}, {""name"": ""Mirror Tea & Sake House"", ""score"": 0.74, ""rating"": 4.7, ""price"": ""$$"", ""distance_m"": 337.3, ""cuisines"": [""cafes"", ""tea"", ""venues""], ""lat"": 40.678874, ""lon"": -73.986211, ""url"": ""https://www.yelp.com/biz/mirror-tea-and-sake-house-brooklyn-2?adjust_creative=7L58B9086saOW4zCCye5mg&utm_campaign=yelp_api_v3&utm_medium=api_v3_business_search&utm_source=7L58B9086saOW4zCCye5mg""}, {""name"": ""Ghenet"", ""score"": 0.719, ""rating"": 4.0, ""price"": ""$$"", ""distance_m"": 220.0, ""cuisines"": [""ethiopian"", ""african""], ""lat"": 40.67911505901633, ""lon"": -73.98149370339596, ""url"": ""https://www.yelp.com/biz/ghenet-brooklyn-brooklyn?adjust_creative=7L58B9086saOW4zCCye5mg&utm_campaign=yelp_api_v3&utm_medium=api_v3_business_search&utm_source=7L58B9086saOW4zCCye5mg""}]",Brooklyn,Boerum Hill,Fairfield Inn & Suites by Marriott,New York,"181 3rd Ave, Brooklyn, NY 11217",40.680703,-73.98305
SpringHill Suites New York Queens,0.721241,"[{""name"": ""Jhal NYC"", ""score"": 0.746, ""rating"": 5.0, ""price"": ""$"", ""distance_m"": 407.8, ""cuisines"": [""streetvendors"", ""bangladeshi""], ""lat"": 40.75036, ""lon"": -73.94478, ""url"": ""https://www.yelp.com/biz/jhal-nyc-queens-village?adjust_creative=7L58B9086saOW4zCCye5mg&utm_campaign=yelp_api_v3&utm_medium=api_v3_business_search&utm_source=7L58B9086saOW4zCCye5mg""}, {""name"": ""Brockenzo Neapolitan Pizza"", ""score"": 0.739, ""rating"": 4.9, ""price"": ""$$"", ""distance_m"": 407.8, ""cuisines"": [""foodtrucks"", ""pizza""], ""lat"": 40.7503547668457, ""lon"": -73.9447784423828, ""url"": ""https://www.yelp.com/biz/brockenzo-neapolitan-pizza-long-island-4?adjust_creative=7L58B9086saOW4zCCye5mg&utm_campaign=yelp_api_v3&utm_medium=api_v3_business_search&utm_source=7L58B9086saOW4zCCye5mg""}, {""name"": ""Thai Bird"", ""score"": 0.723, ""rating"": 5.0, ""price"": NaN, ""distance_m"": 519.0, ""cuisines"": [""thai"", ""chicken_wings""], ""lat"": 40.7395853, ""lon"": -73.9469816, ""url"": ""https://www.yelp.com/biz/thai-bird-new-york?adjust_creative=7L58B9086saOW4zCCye5mg&utm_campaign=yelp_api_v3&utm_medium=api_v3_business_search&utm_source=7L58B9086saOW4zCCye5mg""}, {""name"": ""Omakase OSUKAA LIC"", ""score"": 0.715, ""rating"": 4.7, ""price"": NaN, ""distance_m"": 454.4, ""cuisines"": [""japanese"", ""sushi""], ""lat"": 40.7423837, ""lon"": -73.93608569999999, ""url"": ""https://www.yelp.com/biz/omakase-osukaa-long-island-city-4?adjust_creative=7L58B9086saOW4zCCye5mg&utm_campaign=yelp_api_v3&utm_medium=api_v3_business_search&utm_source=7L58B9086saOW4zCCye5mg""}, {""name"": ""Mando Halal Food"", ""score"": 0.683, ""rating"": 4.7, ""price"": ""$"", ""distance_m"": 621.8, ""cuisines"": [""halal"", ""foodstands""], ""lat"": 40.7446615, ""lon"": -73.9357911, ""url"": ""https://www.yelp.com/biz/mando-halal-food-long-island-city?adjust_creative=7L58B9086saOW4zCCye5mg&utm_campaign=yelp_api_v3&utm_medium=api_v3_business_search&utm_source=7L58B9086saOW4zCCye5mg""}]",Queens,Queens,SpringHill Suites by Marriott,New York,"38-39 9th Street, Long Island City, New York, USA, 11101",40.7407,-73.941
Fairfield Inn & Suites New York Staten Island,0.720996,"[{""name"": ""Paesano's Pizzeria"", ""score"": 0.781, ""rating"": 4.2, ""price"": ""$"", ""distance_m"": 722.5, ""cuisines"": [""pizza"", ""italian"", ""seafood""], ""lat"": 40.612, ""lon"": -74.1326, ""url"": ""https://www.yelp.com/biz/paesanos-pizzeria-staten-island?adjust_creative=7L58B9086saOW4zCCye5mg&utm_campaign=yelp_api_v3&utm_medium=api_v3_business_search&utm_source=7L58B9086saOW4zCCye5mg""}, {""name"": ""DiLeo's Pizzeria"", ""score"": 0.768, ""rating"": 3.5, ""price"": ""$"", ""distance_m"": 522.0, ""cuisines"": [""pizza"", ""italian""], ""lat"": 40.6106669495569, ""lon"": -74.1461451945122, ""url"": ""https://www.yelp.com/biz/dileos-pizzeria-staten-island?adjust_creative=7L58B9086saOW4zCCye5mg&utm_campaign=yelp_api_v3&utm_medium=api_v3_business_search&utm_source=7L58B9086saOW4zCCye5mg""}, {""name"": ""Jimmy Max"", ""score"": 0.737, ""rating"": 3.7, ""price"": ""$$"", ""distance_m"": 782.5, ""cuisines"": [""pizza"", ""italian"", ""gluten_free""], ""lat"": 40.61595, ""lon"": -74.13873, ""url"": ""https://www.yelp.com/biz/jimmy-max-staten-island?adjust_creative=7L58B9086saOW4zCCye5mg&utm_campaign=yelp_api_v3&utm_medium=api_v3_business_search&utm_source=7L58B9086saOW4zCCye5mg""}, {""name"": ""Beyar's Market"", ""score"": 0.682, ""rating"": 4.0, ""price"": ""$$"", ""distance_m"": 377.4, ""cuisines"": [""delis""], ""lat"": 40.6120431, ""lon"": -74.1381128, ""url"": ""https://www.yelp.com/biz/beyars-market-staten-island?adjust_creative=7L58B9086saOW4zCCye5mg&utm_campaign=yelp_api_v3&utm_medium=api_v3_business_search&utm_source=7L58B9086saOW4zCCye5mg""}, {""name"": ""Fava Restaurant & Bar"", ""score"": 0.637, ""rating"": 4.7, ""price"": NaN, ""distance_m"": 917.3, ""cuisines"": [""mediterranean"", ""spanish"", ""italian""], ""lat"": 40.61276970629436, ""lon"": -74.1305926678986, ""url"": ""https://www.yelp.com/biz/fava-restaurant-and-bar-staten-island?adjust_creative=7L58B9086saOW4zCCye5mg&utm_campaign=yelp_api_v3&utm_medium=api_v3_business_search&utm_source=7L58B9086saOW4zCCye5mg""}]",Staten Island,Travis/Chelsea,Fairfield Inn & Suites by Marriott,New York,"290 Wild Avenue, Staten Island, NY 10314",40.609092,-74.14032
Sheraton Brooklyn New York Hotel,0.688361,"[{""name"": ""Raising Cane's Chicken Fingers"", ""score"": 0.688, ""rating"": 3.3, ""price"": ""$$"", ""distance_m"": 149.9, ""cuisines"": [""hotdogs"", ""chickenshop""], ""lat"": 40.69157189450252, ""lon"": -73.98710301031764, ""url"": ""https://www.yelp.com/biz/raising-canes-chicken-fingers-brooklyn-6?adjust_creative=7L58B9086saOW4zCCye5mg&utm_campaign=yelp_api_v3&utm_medium=api_v3_business_search&utm_source=7L58B9086saOW4zCCye5mg""}]",Brooklyn,Downtown Brooklyn,Sheraton (Marriott),New York,"228 Duffield St, Brooklyn, NY 11201",40.692787,-73.986332
New York LaGuardia Airport Marriott,0.681897,"[{""name"": ""Xun Su Asian Cuisine"", ""score"": 0.729, ""rating"": 2.3, ""price"": ""$$"", ""distance_m"": 308.7, ""cuisines"": [""thai"", ""asianfusion"", ""seafood""], ""lat"": 40.77102855406766, ""lon"": -73.86518850092789, ""url"": ""https://www.yelp.com/biz/xun-su-asian-cuisine-east-elmhurst?adjust_creative=7L58B9086saOW4zCCye5mg&utm_campaign=yelp_api_v3&utm_medium=api_v3_business_search&utm_source=7L58B9086saOW4zCCye5mg""}, {""name"": ""Cibo Bistro and Wine Bar"", ""score"": 0.726, ""rating"": 2.3, ""price"": ""$$"", ""distance_m"": 319.8, ""cuisines"": [""italian""], ""lat"": 40.771653, ""lon"": -73.866204, ""url"": ""https://www.yelp.com/biz/cibo-bistro-and-wine-bar-flushing?adjust_creative=7L58B9086saOW4zCCye5mg&utm_campaign=yelp_api_v3&utm_medium=api_v3_business_search&utm_source=7L58B9086saOW4zCCye5mg""}, {""name"": ""LaGuardia Cafe"", ""score"": 0.684, ""rating"": 4.3, ""price"": ""$$"", ""distance_m"": 472.1, ""cuisines"": [""spanish"", ""breakfast_brunch"", ""dominican""], ""lat"": 40.76829500488018, ""lon"": -73.87323255472334, ""url"": ""https://www.yelp.com/biz/laguardia-cafe-east-elmhurst?adjust_creative=7L58B9086saOW4zCCye5mg&utm_campaign=yelp_api_v3&utm_medium=api_v3_business_search&utm_source=7L58B9086saOW4zCCye5mg""}, {""name"": ""Pavilion Grille"", ""score"": 0.645, ""rating"": 2.9, ""price"": ""$$"", ""distance_m"": 208.9, ""cuisines"": [""tradamerican""], ""lat"": 40.767201, ""lon"": -73.867045, ""url"": ""https://www.yelp.com/biz/pavilion-grille-new-york?adjust_creative=7L58B9086saOW4zCCye5mg&utm_campaign=yelp_api_v3&utm_medium=api_v3_business_search&utm_source=7L58B9086saOW4zCCye5mg""}, {""name"": ""Ditmars Bar & Grill"", ""score"": 0.626, ""rating"": 4.0, ""price"": NaN, ""distance_m"": 14.0, ""cuisines"": [""restaurants"", ""bars""], ""lat"": 40.76895531550328, ""lon"": -73.86755891628167, ""url"": ""https://www.yelp.com/biz/ditmars-bar-and-grill-queens?adjust_creative=7L58B9086saOW4zCCye5mg&utm_campaign=yelp_api_v3&utm_medium=api_v3_business_search&utm_source=7L58B9086saOW4zCCye5mg""}]",Queens,East Elmhurst/ near LGA,Marriott Hotels & Resorts,New York,"102-05 Ditmars Blvd, East Elmhurst, Queens, NY 11369",40.7690118,-73.8677075
Courtyard by Marriott New York Queens/Jamaica,0.649795,"[{""name"": ""Guy R  Deli"", ""score"": 0.714, ""rating"": 4.4, ""price"": ""$"", ""distance_m"": 363.1, ""cuisines"": [""delis""], ""lat"": 40.69958, ""lon"": -73.793584, ""url"": ""https://www.yelp.com/biz/guy-r-deli-jamaica?adjust_creative=7L58B9086saOW4zCCye5mg&utm_campaign=yelp_api_v3&utm_medium=api_v3_business_search&utm_source=7L58B9086saOW4zCCye5mg""}, {""name"": ""Lodrika Bar and Lounge"", ""score"": 0.693, ""rating"": 5.0, ""price"": NaN, ""distance_m"": 23.1, ""cuisines"": [""lounges"", ""venues"", ""tradamerican""], ""lat"": 40.701782, ""lon"": -73.790063, ""url"": ""https://www.yelp.com/biz/lodrika-bar-and-lounge-queens-2?adjust_creative=7L58B9086saOW4zCCye5mg&utm_campaign=yelp_api_v3&utm_medium=api_v3_business_search&utm_source=7L58B9086saOW4zCCye5mg""}, {""name"": ""Kassim's Bakery & Take Out Restaurant"", ""score"": 0.625, ""rating"": 3.8, ""price"": ""$$"", ""distance_m"": 596.6, ""cuisines"": [""bakeries"", ""caribbean""], ""lat"": 40.706908, ""lon"": -73.789675, ""url"": ""https://www.yelp.com/biz/kassims-bakery-and-take-out-restaurant-jamaica?adjust_creative=7L58B9086saOW4zCCye5mg&utm_campaign=yelp_api_v3&utm_medium=api_v3_business_search&utm_source=7L58B9086saOW4zCCye5mg""}, {""name"": ""Kennedy Fried Chicken"", ""score"": 0.612, ""rating"": 3.5, ""price"": ""$"", ""distance_m"": 551.9, ""cuisines"": [""restaurants""], ""lat"": 40.706277, ""lon"": -73.791864, ""url"": ""https://www.yelp.com/biz/kennedy-fried-chicken-jamaica?adjust_creative=7L58B9086saOW4zCCye5mg&utm_campaign=yelp_api_v3&utm_medium=api_v3_business_search&utm_source=7L58B9086saOW4zCCye5mg""}, {""name"": ""Nature's Detox"", ""score"": 0.606, ""rating"": 3.5, ""price"": ""$"", ""distance_m"": 585.8, ""cuisines"": [""juicebars"", ""delis""], ""lat"": 40.70659380502847, ""lon"": -73.79241258060584, ""url"": ""https://www.yelp.com/biz/natures-detox-jamaica?adjust_creative=7L58B9086saOW4zCCye5mg&utm_campaign=yelp_api_v3&utm_medium=api_v3_business_search&utm_source=7L58B9086saOW4zCCye5mg""}]",Queens,Jamaica/JFK area,Courtyard by Marriott,New York,"148-18 Archer Avenue, Jamaica, New York, USA, 11435",40.7016,-73.7902
Moxy NYC East Village,0.645395,"[{""name"": ""Tim Ho Wan - East Village"", ""score"": 0.727, ""rating"": 3.5, ""price"": ""$$"", ""distance_m"": 60.1, ""cuisines"": [""dimsum"", ""cantonese""], ""lat"": 40.731338, ""lon"": -73.990145, ""url"": ""https://www.yelp.com/biz/tim-ho-wan-east-village-new-york?adjust_creative=7L58B9086saOW4zCCye5mg&utm_campaign=yelp_api_v3&utm_medium=api_v3_business_search&utm_source=7L58B9086saOW4zCCye5mg""}, {""name"": ""Penny"", ""score"": 0.638, ""rating"": 4.4, ""price"": NaN, ""distance_m"": 67.8, ""cuisines"": [""venues"", ""seafood"", ""wine_bars""], ""lat"": 40.730806, ""lon"": -73.989727, ""url"": ""https://www.yelp.com/biz/penny-new-york?adjust_creative=7L58B9086saOW4zCCye5mg&utm_campaign=yelp_api_v3&utm_medium=api_v3_business_search&utm_source=7L58B9086saOW4zCCye5mg""}, {""name"": ""Healthy Greens Gourmet Deli"", ""score"": 0.634, ""rating"": 4.3, ""price"": NaN, ""distance_m"": 57.7, ""cuisines"": [""grocery"", ""delis"", ""juicebars""], ""lat"": 40.7309286639192, ""lon"": -73.9891720831899, ""url"": ""https://www.yelp.com/biz/healthy-greens-gourmet-deli-new-york?adjust_creative=7L58B9086saOW4zCCye5mg&utm_campaign=yelp_api_v3&utm_medium=api_v3_business_search&utm_source=7L58B9086saOW4zCCye5mg""}, {""name"": ""Cafe D’Avignon"", ""score"": 0.623, ""rating"": 4.0, ""price"": NaN, ""distance_m"": 23.1, ""cuisines"": [""coffee"", ""popupshops"", ""sandwiches""], ""lat"": 40.73160833539077, ""lon"": -73.98950553247762, ""url"": ""https://www.yelp.com/biz/cafe-d-avignon-manhattan?adjust_creative=7L58B9086saOW4zCCye5mg&utm_campaign=yelp_api_v3&utm_medium=api_v3_business_search&utm_source=7L58B9086saOW4zCCye5mg""}, {""name"": ""Cathédrale Restaurant"", ""score"": 0.605, ""rating"": 3.7, ""price"": ""$$$$"", ""distance_m"": 14.2, ""cuisines"": [""french"", ""mediterranean""], ""lat"": 40.731516, ""lon"": -73.989501, ""url"": ""https://www.yelp.com/biz/cath%C3%A9drale-restaurant-new-york-city?adjust_creative=7L58B9086saOW4zCCye5mg&utm_campaign=yelp_api_v3&utm_medium=api_v3_business_search&utm_source=7L58B9086saOW4zCCye5mg""}]",Manhattan,East Village,Moxy (Marriott),New York,"112 E 11th St, New York, NY 10003",40.731407,-73.9894371
Fairfield Inn & Suites New York Queens/ Fresh Meadows,0.413092,"[{""name"": ""Piccolo Sogno"", ""score"": 0.696, ""rating"": 4.0, ""price"": ""$$"", ""distance_m"": 1273.8, ""cuisines"": [""italian"", ""pizza""], ""lat"": 40.7524089, ""lon"": -73.78575760061169, ""url"": ""https://www.yelp.com/biz/piccolo-sogno-flushing?adjust_creative=7L58B9086saOW4zCCye5mg&utm_campaign=yelp_api_v3&utm_medium=api_v3_business_search&utm_source=7L58B9086saOW4zCCye5mg""}, {""name"": ""Fortune Garden"", ""score"": 0.497, ""rating"": 3.3, ""price"": ""$"", ""distance_m"": 1274.8, ""cuisines"": [""chinese"", ""seafood""], ""lat"": 40.7524402, ""lon"": -73.7857987, ""url"": ""https://www.yelp.com/biz/fortune-garden-flushing?adjust_creative=7L58B9086saOW4zCCye5mg&utm_campaign=yelp_api_v3&utm_medium=api_v3_business_search&utm_source=7L58B9086saOW4zCCye5mg""}, {""name"": ""American’s Favorite Deli"", ""score"": 0.49, ""rating"": 3.2, ""price"": ""$"", ""distance_m"": 1279.4, ""cuisines"": [""delis""], ""lat"": 40.752449, ""lon"": -73.785905, ""url"": ""https://www.yelp.com/biz/american-s-favorite-deli-flushing-2?adjust_creative=7L58B9086saOW4zCCye5mg&utm_campaign=yelp_api_v3&utm_medium=api_v3_business_search&utm_source=7L58B9086saOW4zCCye5mg""}, {""name"": ""Ace Sushi"", ""score"": 0.266, ""rating"": 0.0, ""price"": NaN, ""distance_m"": 1270.2, ""cuisines"": [""sushi"", ""salad"", ""japanese""], ""lat"": 40.75236099203117, ""lon"": -73.78596606004919, ""url"": ""https://www.yelp.com/biz/ace-sushi-queens?adjust_creative=7L58B9086saOW4zCCye5mg&utm_campaign=yelp_api_v3&utm_medium=api_v3_business_search&utm_source=7L58B9086saOW4zCCye5mg""}, {""name"": ""Matsarang"", ""score"": 0.116, ""rating"": 0.0, ""price"": NaN, ""distance_m"": 1270.2, ""cuisines"": [""korean""], ""lat"": 40.75232, ""lon"": -73.78575, ""url"": ""https://www.yelp.com/biz/matsarang-new-york?adjust_creative=7L58B9086saOW4zCCye5mg&utm_campaign=yelp_api_v3&utm_medium=api_v3_business_search&utm_source=7L58B9086saOW4zCCye5mg""}]",Queens,Fresh Meadows,Fairfield Inn & Suites by Marriott,New York,"183-31 Horace Harding Expressway, Fresh Meadows, New York, USA, 11365",40.741,-73.7844
